,value,file
0,Пользователя,68987
1,Сайта,62803
2,Пользователем,22624
3,Пользователь,19807
4,Пользователю,15899
5,Администрация,14246
6,Политика,12000
7,Оператор,10664
8,Оператора,9327
9,Оператору,8710
10,Товара,8679
11,Политики,8584
12,Пользователей,8423
13,Сайт,7563
14,Администрацией,7377
15,Настоящая,7253
16,Оператором,6602
17,Политике,6318
18,Предоставления,6078
19,Политикой,6040
20,Данных,5040
21,Конфиденциальности,4872
22,Сайте,4660
23,Пользователе,4546
24,ИП,3998
25,Администрации,3892
26,Интернет,3892
27,Сервиса,2924
28,Сайтом,2852
29,Сервисов,2815
30,Продавца,2621
31,Персональные,2534
32,Соглашения,2249
33,Вами,2204
34,Данные,2051
35,Покупателем,2044
36,Покупателя,2040
37,ПОЛЬЗОВАТЕЛЯ,1934
38,ИНФОРМАЦИИ,1818
39,ПОЛОЖЕНИЯ,1817
40,Покупатель,1804
41,Товаров,1784
42,Идентификации,1744
43,Соглашением,1684
44,ООО,1575
45,Товар,1568
46,ОБЩИЕ,1564
47,Обработка,1560
48,Определения,1548
49,УСЛОВИЯ,1411
50,Покупателю,1351
51,Яндекс,1243
52,Клиента,1219
53,Пользователям,1213
54,Метрика,1199
55,Продавцом,1188
56,Гугл,1123
57,Аналитика,1119
58,Сайту,1098
59,Пользователями,1081
60,Исполнителя,1054
61,Услуг,1043
62,Продавец,996
63,СПОРОВ,930
64,Вас,863
65,Политику,846
66,Клиентом,845
67,Субъекта,828
68,Контента,821
69,До,818
70,Ответственность,800
71,Заказчика,755
72,Услуги,719
73,ИНН,713
74,Клиент,680
75,Ваше,632
76,Адрес,626
77,Администратора,598
78,Заказа,575
79,Мы,570
80,Все,557
81,Правилами,533
82,Продавцу,518
83,Администрацию,499
84,Ресурса,495
85,Пользователи,494
86,Оферты,493
87,Вашу,469
88,Администратором,465
89,Сервисы,458
90,Ваши,456
91,ОГРНИП,455
92,Товары,453
93,Имя,445
94,Соглашению,437
95,Ваш,432
96,Регистрация,432
97,Заказ,418
98,Условия,415
99,Саи,405
100,Предоставление,393
101,её,386
102,Настоящим,381
103,Правообладателя,374
104,ее,368
105,Веб,366
106,Информация,358
107,Администратору,355
108,Сторон,352
109,Пользователях,350
110,Сервис,348
111,куки,344
112,Законом,343
113,Владельца,340
114,САЙТА,340
115,Под,330
116,Исполнителю,326
117,Посетителем,325
118,Правил,323
119,Осуществления,322
120,Объявлений,313
121,реферер,309
122,Товару,303
123,Посетитель,302
124,Правительства,301
125,Материалов,298
126,иной,298
127,Сервису,298
128,Клиенту,286
129,Сайтов,281
130,Сервисом,280
131,Российской,277
132,Персональных,268
133,Вам,263
134,Администратор,251
136,Стороны,239
137,Фамилия,237
138,Регистрации,236
139,Пн,228
140,ОТВЕТСТВЕННОСТЬ,225
141,Владельцем,221
142,Ру,214
143,Одеялко,213
144,Обществом,211
145,Компании,203
146,Пт,202
147,Авада,199
148,Товаре,198
149,сайта,195
150,Заказчик,190
151,ОПРЕДЕЛЕНИЯ,189
152,Посетителя,188
153,Принципы,185
154,Сб,185
155,Субъект,182
156,Сервисами,182
157,Действие,180
158,Защита,176
159,ДАННЫЕ,176
160,Вашим,175
161,Соглашении,171
162,Портала,170
163,Владелец,167
164,Вс,167
165,Общество,167
166,Правообладателем,166
167,Субъектов,165
168,Заказов,162
169,Порядок,158
170,Логин,158
171,Доступ,158
172,Оплата,156
173,Работ,153
174,Город,152
175,Сервисе,152
176,Посетителей,147
177,Данным,145
178,Адвего,145
179,Сторонами,144
180,ПОЛИТИКА,142
181,Куки,142
182,Владельцу,142
183,ДИКОМ,141
184,Правообладателю,141
185,Правила,139
186,Браузера,138
187,Используя,138
188,Персональным,135
189,Посетителю,132
190,Товарах,130
191,Банко,129
192,Заказчиком,128
193,Условиями,127
194,Партнеров,127
195,Федеральным,127
196,Правообладатель,124
197,Мир,124
198,Эйвон,124
199,Содержание,123
200,Аквамарин,123
201,Информацию,123
202,Безопасности,122
203,СОГЛАШЕНИЯ,121
204,Информации,120
205,Корзина,120
206,Получателя,120
207,ПЕРСОНАЛЬНЫЕ,118
208,Сервисам,118
209,Экскаватор,116
210,Основные,114
211,Магазина,111
212,Продуктов,109
213,ИНФОРМАЦИЯ,109
214,ТД,107
215,Согласия,107
216,Получателем,107
217,Яндексом,105
218,Клиентов,104
219,Уставом,103
220,Авто,103
221,Юридический,103
222,Вашего,102
223,Заказы,102
224,Субъектом,101
225,Недвижимость,101
226,Клиенте,100
227,Вашем,100
228,Безопасность,99
229,Покупателей,99
230,ПРИНЦИПЫ,99
231,Спорт,98
232,Ваша,98
233,Пол,96
234,Организатора,95
235,Про,95
236,Вашей,95
237,Сведения,94
238,Лицензиар,93
239,Ни,93
240,Лица,92
241,ПОРЯДОК,92
242,Договором,91
243,Согласие,90
244,Проекта,89
245,Получатель,88
246,Во,88
247,Типография,87
248,Оферте,87
249,Джонсон,86
250,Материалы,86
251,Услугам,86
252,Исполнителем,85
253,Правообладателей,84
254,ЗА,84
255,Профиля,84
256,Индивидуальный,84
257,Исполнитель,82
258,Алекс,82
259,Яндекса,82
260,Аккаунта,82
261,Контакты,82
262,Организатором,82
263,ЗАЩИТЕ,80
264,Покупателям,79
265,Товарам,79
266,Формы,78
267,Консалтинг,77
268,Отчество,77
269,Работников,76
270,Фэшн,75
271,Детэи,75
272,Логина,75
273,Участника,75
274,Заказчику,75
275,Компанией,74
276,Климат,74
277,Федерального,73
278,Зеленый,73
279,ЕЕ,72
280,Лайт,72
281,Катержина,72
282,Данными,72
283,Маммут,71
284,Профиль,71
285,Помощь,71
286,Услугах,70
287,Компания,70
288,Лицензиара,70
289,Предприниматель,68
290,Посетителями,67
291,ЗАЩИТЫ,67
292,САЙТЕ,67
293,Контент,67
294,Мебель,67
295,Стороне,67
296,Арендатора,66
297,Товаром,66
298,Электронного,66
299,магазином,65
300,Партнера,65
301,Потребителя,65
302,ею,65
303,Получателю,64
304,Состава,64
305,САЙТОМ,64
306,Акцепт,64
307,Сети,63
308,Отписаться,63
309,Порталом,62
310,Продавцами,62
311,магазина,62
312,Услугами,62
313,Платформы,62
314,Голд,62
315,Онлайн,62
316,Партнеры,61
317,Портал,61
318,Ваших,61
319,ПОЛЬЗОВАТЕЛЕМ,60
320,Передающей,60
321,логина,59
322,Гостя,59
323,Детейлинг,59
324,Мой,59
325,Олимп,58
326,Унисервис,58
327,Купим,58
328,Стороной,58
329,Покупателе,57
330,Тур,56
331,Фактический,56
332,Декор,56
333,Борн,55
334,Но,55
335,Поставщика,54
337,Позитив,54
338,Тракт,54
339,сайтом,53
340,Сайты,53
341,Интернете,53
342,За,53
343,Сервисах,53
344,Лицензиаром,52
345,ДОСТУП,52
346,Акцепта,52
347,Рекламодателя,52
348,Индивидуальным,52
349,Детям,51
350,Клуба,51
351,Интерьера,51
352,Продавцов,51
353,Ветер,51
354,Самотлор,51
355,Индивидуального,50
356,ОБРАБОТКА,50
357,Блога,50
358,Гарантии,49
359,Клиенты,49
360,Фитнес,49
361,Орион,49
362,Офертой,48
363,Вебинара,48
364,ОГРН,48
365,Автора,47
366,ТОВАРА,47
367,Репортал,47
368,Лори,46
369,Покупок,46
370,ОПЕРАТОРА,45
371,Арт,45
372,МЫ,45
373,Покупцем,45
374,Договоров,45
375,Агентом,45
376,Форму,45
377,Шагай,45
378,Атторнеи,44
379,Вы,44
380,Трейдинг,44
381,Системы,43
382,Чибака,43
383,Компанию,43
384,Субъекту,43
385,Правилам,43
386,Реквизиты,43
387,Фармамир,43
388,Психология,42
389,Психолога,42
390,Объявления,42
391,Слушая,42
392,Плюс,42
393,Ресурсе,41
394,Средств,41
395,ИНТЕРНЕТ,41
396,СВЕДЕНИЯ,41
397,Заявки,41
398,УСЛУГИ,41
399,Контентом,40
400,Транс,40
401,Оферта,40
402,Русланд,40
403,Агент,40
404,Сертификата,40
405,Кодексом,40
406,Смоленской,40
407,ЗАЩИТА,40
408,Автошкола,39
409,Спец,39
410,Приложений,39
411,Лицензиатом,39
412,Принимающей,39
413,ГРАНД,39
414,Любой,39
415,Салон,39
416,Лучик,39
417,САЙТ,38
418,Афина,38
419,Трудовым,38
420,Весстрой,38
421,Билета,38
422,Стар,38
423,Гатчинская,37
424,Постановления,37
425,Продавце,37
426,Лайф,37
427,Дизель,37
428,Лик,37
429,Белые,37
430,Компаниям,37
431,Лицензиару,37
432,Замовлення,37
433,Китята,37
434,Возврат,36
435,Соглашений,36
436,Покупателями,36
437,эл,36
438,МИР,36
439,Автосервис,36
440,Юр,36
441,Пароля,35
442,саи,35
443,Личном,35
444,Цветы,35
445,Правилах,35
446,РУ,35
447,Московская,35
448,Потребитель,35
449,ДокАвто,35
450,студия,34
451,Паб,34
452,Партнером,34
453,Адреса,34
454,Медиа,34
455,ршунова,34
456,Администрациеи,34
457,портала,34
458,Положением,34
459,Маркса,33
460,Согласием,33
461,Автомобиль,33
462,Фукуок,33
463,Трейд,33
464,Дон,33
465,Аккорд,33
466,Устав,33
467,Обработки,33
468,Тестометрика,33
469,Арендодатель,33
470,Биржи,33
471,СВ,33
472,Аккаунт,32
473,Ресурсу,32
474,ОСНОВНЫЕ,32
475,Керхер,32
476,ТрейдГео,32
477,Арендодателя,32
478,Платной,32
479,Доктор,32
480,Мотосалон,32
481,Файлов,32
482,Авиасейлс,32
483,Автором,31
484,Пиццерия,31
485,Всё,31
486,Предпринимателем,31
487,Юзера,31
488,Музе,31
489,Лицензиат,31
490,Порталу,31
491,Ник,31
492,Карточек,31
493,Карла,31
494,Агенту,31
495,Арендодателем,31
496,Объекта,30
497,ЧелПленка,30
498,Заказчикам,30
499,ОЦ,30
500,Организации,30
501,Тендер,30
502,Страхование,30
503,Предпринимателя,30
504,Уотер,30
505,Устава,30
506,Электронных,30
507,Интернета,30
508,Висал,30
509,Мониторинг,30
510,Фартуна,30
511,Толстого,29
512,Компаний,29
513,Отеля,29
514,Смартер,29
515,Персональная,29
516,Адмирал,29
517,Транспорта,29
518,ру,29
519,Курсы,29
520,Запрос,29
521,Яндексу,29
522,Ко,29
523,Сила,29
524,Луна,28
525,Продукта,28
526,Билетов,28
527,ГОРОДА,28
528,Зубной,28
529,Московской,28
530,СПб,28
531,Сервера,28
532,Биоторг,28
533,Акта,28
534,Кондиционеры,28
535,Блог,28
536,Спецтехника,28
537,Лицо,28
538,Магмебель,27
539,Таблица,27
540,Менеджером,27
541,Адсенд,27
542,Микро,27
543,Челябинска,27
544,Отели,27
545,Лайфскан,27
546,Экономия,27
547,АИ,27
548,Консалтинга,27
549,Гражданина,27
550,Александрия,27
551,РегионМебель,27
552,Групп,27
553,Лазерное,27
554,ТехноПростор,27
555,УзФутболка,27
556,Жилья,27
557,Музеи,26
558,информации,26
559,Персональной,26
560,Лачетти,26
561,Гранд,26
562,Доставку,26
563,Кассаинфо,26
564,Подключить,26
565,Бриз,26
566,Участник,26
567,лицо,26
568,Стартап,26
569,Согласен,26
570,Эпиляшка,26
571,Всегдз,26
572,Детизим,26
573,Дорсет,26
574,Партнерами,25
575,Будущее,25
576,Вижн,25
577,Бланка,25
578,Путешествие,25
579,Блиц,25
580,Фриз,25
581,Работника,25
582,Афиша,25
583,Зетта,25
584,ИНФОРМАЦИЮ,25
585,Отель,25
586,АДМИНИСТРАЦИИ,25
587,Акула,24
588,Хомячок,24
589,Детства,24
590,Арендатором,24
591,Заказчиков,24
592,Продавцам,24
593,Альфа,24
594,Школой,24
595,Конфиденциальной,24
596,Холод,24
597,Теплотехника,24
598,Модераторов,24
599,Простая,24
600,Одежда,24
601,Настройки,23
602,Автор,23
603,Наши,23
604,Файлы,23
605,Мотосалона,23
606,Покупця,23
607,Техоборонэксперт,23
608,Рамблера,23
609,данных,23
610,Нас,23
611,Операторов,23
612,Домик,23
613,Так,23
614,Искусница,23
615,Произведения,23
616,Кабинет,23
617,Технолоджи,23
618,Общества,23
619,Договора,22
620,ПОЛИТИКИ,22
621,Ст,22
622,Условий,22
623,Мягкой,22
624,Профилю,22
625,Заказом,22
626,мейл,22
627,Участников,22
628,магазину,22
629,Орбита,22
630,Потребителю,22
631,ТУРА,22
632,Медик,22
633,Пользователеи,22
634,Продуктах,22
635,Магазином,22
636,Нам,22
637,Строй,22
638,Страховой,22
639,Центр,22
640,Бутон,22
641,Заказчике,22
642,Наш,22
643,ОПЛАТЫ,22
645,Партнерам,22
646,Интерера,22
647,Перечня,21
648,Весоповерка,21
649,Арма,21
650,Форм,21
651,Услуге,21
652,БЕЗОПАСНОСТИ,21
653,Заказе,21
654,Права,21
655,Соискателей,21
656,Выходной,21
657,Учетные,21
658,Программ,21
659,Организатору,21
660,Поставщиком,21
661,Авеллино,21
662,Посетителям,21
663,Ресурсом,21
664,Фамилию,21
665,Клиники,21
666,Картрек,21
667,Гостей,21
668,Партнер,21
669,Дизайнера,21
670,Маршала,20
671,Лига,20
672,Левелкэш,20
673,Лайв,20
674,АДМИНИСТРАЦИЯ,20
675,Ювента,20
676,Турагентом,20
677,Согласии,20
678,Арендатор,20
679,Душ,20
680,БЕЗОПАСНОСТЬ,20
681,Агрегатор,20
682,Найт,20
683,ДОСТУПА,20
684,Ресторана,20
685,Ресурс,20
686,Директора,20
687,Арендодателю,20
688,Спортдилер,19
689,Магазин,19
690,Музыкально,19
691,Лицензиату,19
692,Домострой,19
693,РЕГИСТРАЦИЯ,19
694,Мастер,19
695,ОПЛАТА,19
696,Юнимед,19
697,Номер,19
698,Смак,19
699,Окна,19
700,Учетной,19
701,Контенту,19
702,Жили,19
703,Цели,19
704,Рукадемия,19
705,САМАРУ,19
706,Поэтическая,19
707,Потребителем,19
708,ДАННЫМ,19
709,Ростелекома,19
710,Артлайн,19
711,Меду,19
712,СофтСеттинг,19
713,отметки,19
714,Оферту,19
715,Гостиная,19
716,Учреждением,19
717,Ученика,18
718,Личной,18
719,Челябинск,18
720,Автоимпульс,18
721,Дядя,18
722,Королев,18
723,Покупатели,18
724,Подписки,18
725,Держателя,18
726,Созвездие,18
727,Доставки,18
729,Представителем,18
730,Агрегатора,18
731,Договору,18
732,ПЕРСОНАЛЬНЫМ,18
733,Партнеру,18
734,Запроса,17
735,Гагарина,17
736,Объявлениях,17
737,Использования,17
738,Охота,17
739,Представителя,17
740,НО,17
741,Работа,17
742,ПРАВИЛА,17
743,Регистрационной,17
744,Перевозчику,17
745,Изображений,17
746,Кузьмоловская,17
747,Пользовательскому,17
748,Льва,17
749,Креатив,17
750,Обработке,17
751,яндекс,17
752,Султан,17
753,Турагента,17
754,Согласно,17
755,Агроимпекс,17
756,БрекетШоп,17
757,онлайн,17
758,Статья,17
759,Фарминдекс,17
760,Сторона,17
761,Бонусов,16
762,Арзамас,16
763,Поинтера,16
764,Школа,16
765,Металл,16
766,Постановлении,16
767,Регламентом,16
768,Служб,16
769,Бланк,16
770,сайту,16
771,Пользовательском,16
772,Агента,16
773,ЧОП,16
774,Форме,16
775,Хузур,16
776,Профлист,16
777,Лицензиата,16
778,Субъекты,16
779,Дом,16
780,Техно,16
781,Нами,16
782,Инфо,15
783,Реферер,15
784,Индивидуальному,15
785,Репортала,15
786,Содержимого,15
787,Афишей,15
788,Форум,15
789,Адвокат,15
790,ей,15
791,Аккаунту,15
792,СЕ,15
793,Пирамида,15
794,Коло,15
795,Комментарии,15
796,Финансист,15
797,Абонента,15
798,Компаниями,15
799,Содержимое,15
800,Магазину,15
801,Услуга,15
802,ОТВЕТСТВЕННОСТИ,15
803,ОБРАБОТКЕ,15
804,Тукритком,15
805,Держатель,15
806,Промтеха,15
807,Обществу,15
808,Мероприятий,15
809,Контактного,15
810,Самосвал,15
811,Продукции,14
812,Менеджер,14
813,Программой,14
814,Кор,14
815,Психологом,14
816,предпринимателя,14
817,студии,14
819,Рус,14
820,Издателя,14
821,ТЕХНОЛОГИЯ,14
822,Приложения,14
823,Грин,14
824,Лицом,14
825,Материала,14
826,Азъ,14
827,Маркет,14
828,Брода,14
829,Дача,14
830,Учеников,14
831,Бирже,14
832,Учителя,14
833,Защите,14
834,Редакцией,14
835,Регламенту,14
836,Администраций,14
837,Реаль,14
838,Специалиста,14
839,Логином,14
840,Базы,14
841,снаряжения,14
842,Работодателя,14
843,Финансов,14
844,Мечта,14
845,Обработку,14
846,Партнёра,14
847,ПРЕДОСТАВЛЕНИЕ,14
848,КиберЛенинка,14
849,Сайтам,14
850,Операторе,14
851,Сайтами,14
852,Кликов,14
853,Глобал,14
854,Операторы,14
855,Членов,14
856,Историк,14
857,хоста,14
858,Клиника,14
859,ПОЛИТИКЕ,14
860,Лидер,14
861,Объявлениями,14
862,Пароль,14
863,ОБЩЕСТВО,14
864,Связаться,14
865,Холдинг,14
866,Хостел,14
867,Гербалайф,14
868,Живой,13
869,Вслед,13
870,Журнал,13
871,Клиентам,13
872,Контрагентов,13
873,Ответов,13
874,Бьюти,13
875,Принта,13
876,Авторов,13
877,Юнис,13
878,Ленина,13
879,УЧИ,13
880,Заказу,13
881,Автотур,13
883,Кухнев,13
884,Были,13
885,Конфигуратор,13
886,Шкулёв,13
887,Тел,13
888,Представителю,13
889,Бустеров,13
890,Нотариус,13
891,Резюме,13
892,РОСТ,13
893,Выполнение,13
894,Российское,13
895,Роял,13
896,Медведицы,13
897,Ростелеком,13
898,Серый,13
899,Добрый,13
900,Каталога,13
901,деи,13
902,Карточки,13
903,солнца,13
904,САЙТУ,13
905,Некрасова,13
906,Напишите,13
907,Проектов,13
908,ПРЕДОСТАВЛЕНИЯ,13
909,Статьи,12
910,Гранит,12
911,аль,12
912,Аврора,12
913,Контактов,12
914,КЛУБа,12
915,Парк,12
916,Товарами,12
917,Прогресс,12
918,Акцептом,12
919,Свадебная,12
920,Автостудия,12
921,Борковер,12
922,Страхователя,12
923,Системой,12
924,Турагент,12
925,Шоп,12
926,Оргстекло,12
927,Абонент,12
928,Потолок,12
929,цевои,12
930,Постановлению,12
931,Стоматологии,12
932,ОБРАБАТЫВАЕТ,12
933,портал,12
934,Идея,12
935,цева,12
936,Морозова,12
937,Беларуси,12
938,Полномочным,12
939,Кристалл,12
940,Кудамоскоу,12
941,Поверенным,12
942,ИнфоПродукт,12
943,Подробнее,12
944,Альтера,12
945,Автору,12
946,Клиник,12
947,Покупцю,12
948,Алюком,12
949,Финконт,12
950,маркет,12
951,Студия,12
952,Отзывы,12
953,Приложением,12
954,Рисуем,12
955,Объектов,12
956,Опубликовано,12
957,Билет,12
958,Поинт,12
959,Договоре,11
960,Тревел,11
961,Псков,11
962,Дополнительные,11
963,Оливия,11
964,Субъекте,11
965,Дону,11
966,Приобретателя,11
967,Дома,11
968,Жертвователя,11
969,Право,11
970,Лазурит,11
971,Бронирования,11
972,Свидетельство,11
973,Алтая,11
974,Работник,11
975,Произведений,11
976,Сертификатов,11
977,Похудеть,11
978,Туроператору,11
979,ресурса,11
980,СУБЪЕКТЫ,11
981,Двери,11
982,Респ,11
983,Авангард,11
984,Ресурсах,11
985,Учредителя,11
986,Политикои,11
987,Покупець,11
988,Клиентами,11
989,Исполнител,11
990,Арендатору,11
991,Закону,11
992,Подписаться,11
993,НАСТОЯЩИМ,11
994,услуг,11
995,Платформой,11
996,СВЯЗИ,11
997,Недвижимости,11
998,адрес,11
999,Волга,11
1000,Перевозчика,11
1001,Де,11
1002,Члена,11
1003,Догов,11
1004,Посетителе,11
1005,Дент,11
1006,Ответственного,11
1007,Поставщику,11
1008,Держателю,11
1009,Туров,11
1010,Генерального,11
1011,Сторону,11
1012,Живи,11
1013,Дезснаб,11
1014,Контролеру,10
1015,Франчайзинг,10
1016,Фреза,10
1017,ТЕРМИНОВ,10
1018,Никнейм,10
1019,Игру,10
1020,На,10
1021,Третьих,10
1022,Копирайтинг,10
1023,Вашими,10
1024,ИМ,10
1025,Корзину,10
1026,Школы,10
1027,директора,10
1028,Нур,10
1029,Отпуск,10
1030,Бухгалтер,10
1031,Модератором,10
1032,Бустеры,10
1033,Управляющего,10
1034,магазин,10
1035,Полимер,10
1036,Контролер,10
1037,Заявок,10
1038,Техпром,10
1039,Договор,10
1040,Балтийская,10
1041,Автофреш,10
1042,Читатель,10
1043,Обязанности,10
1044,Продавець,10
1045,Телефона,10
1046,Континенталь,10
1047,Регулирующих,10
1048,Российским,10
1049,Ресурсов,10
1050,Вопросов,10
1051,Лицевой,10
1052,Лиц,10
1053,Воздух,10
1054,Самара,10
1055,Гость,10
1056,Рассылка,10
1057,Леля,10
1058,Майкл,10
1059,Регистрацию,10
1060,СОГЛАШЕНИИ,10
1061,МИЦ,10
1062,Рекламодатель,10
1063,Статей,10
1064,Грандмастер,9
1065,Грузоперевозчика,9
1066,обучение,9
1067,Афиши,9
1068,Заказать,9
1069,Строго,9
1070,Находить,9
1071,Предприятие,9
1072,Предприятием,9
1073,Магелланово,9
1074,Личные,9
1075,тов,9
1076,Некоторые,9
1077,Авито,9
1078,Хоум,9
1079,ПРЕСС,9
1080,Интернету,9
1081,Интернешнл,9
1082,Принт,9
1083,Пэй,9
1084,Гражданином,9
1085,Джемете,9
1086,Правды,9
1087,водителей,9
1088,Учреждения,9
1089,Уют,9
1090,Полиграфия,9
1091,на,9
1092,Аватар,9
1093,Регистрацией,9
1094,Мою,9
1095,Ресурсы,9
1096,Лотос,9
1097,Музыка,9
1098,Пользовательский,9
1099,Вещи,9
1100,Фаворит,9
1101,Абоненту,9
1102,Родителей,9
1103,Монет,9
1104,Услугу,9
1105,Подписчик,9
1106,Автомат,9
1107,Подписчика,9
1108,Партнёром,9
1109,Интернэшнл,9
1110,Доставка,9
1111,Отправлять,9
1112,Отправления,9
1113,Шитья,9
1114,Гостем,9
1115,Склад,9
1116,Выдан,9
1117,Отдела,9
1118,Нэт,9
1119,Генератора,9
1120,Киров,9
1121,Лендинга,9
1122,Оплаты,9
1123,Камня,9
1124,Кандидатов,9
1125,ТОВАРОВ,9
1126,ОПРЕДЕЛЕНИЕ,9
1127,Проект,9
1128,Супер,9
1129,АДРЕС,9
1130,Просмотр,9
1131,Добавить,9
1132,Облако,9
1133,ЛЮБОЙ,9
1134,Электронный,9
1135,Общения,9
1136,Лин,9
1137,Сувар,9
1138,ПОЛЬЗОВАТЕЛЬ,9
1139,Часов,9
1140,Арно,9
1141,Тесты,9
1142,Снаряжение,9
1143,Аккаунтом,9
1144,Академика,9
1145,Курган,8
1146,Окон,8
1147,Парадигма,8
1148,Арзамасом,8
1149,строй,8
1150,Специалистов,8
1151,Алюколор,8
1152,Института,8
1153,Полиграфии,8
1154,Полдьзователя,8
1155,Паркет,8
1156,Винт,8
1157,Заправка,8
1158,Агроусадьба,8
1159,Учитель,8
1160,Любые,8
1161,Пансионата,8
1162,Белая,8
1163,Агрегатором,8
1164,Обязательным,8
1165,Паблисити,8
1166,Рекламораспространителем,8
1167,Клубом,8
1168,Экспресс,8
1169,ПОЛЬЗОВАТЕЛЬСКОМ,8
1170,Электрик,8
1171,Информ,8
1172,Комфорт,8
1173,Анатомия,8
1174,ОПЕРАТОРЕ,8
1175,Апельсин,8
1176,Форс,8
1177,Издателем,8
1178,Шарлиз,8
1179,Личного,8
1180,Планета,8
1181,Колледж,8
1182,Плательщика,8
1183,Адсендом,8
1184,Платформе,8
1185,НТШ,8
1186,Площадки,8
1187,Комментариев,8
1188,Франко,8
1189,Компан,8
1190,Клиентах,8
1191,Компани,8
1192,Ялта,8
1193,Грейт,8
1194,Импэкс,8
1195,ДАННЫХ,8
1196,КЛУБ,8
1197,Байкпост,8
1198,Федеральномузакону,8
1199,Федеральной,8
1200,Круг,8
1201,Лицевого,8
1202,Контактную,8
1203,Архитектуры,8
1204,Юг,8
1205,Реинжиниринга,8
1206,Мегаполис,8
1207,Трико,8
1208,Евразия,8
1209,Тюнинг,8
1210,Программу,8
1211,ТехМастер,8
1212,Разделом,8
1213,Дизайна,8
1214,СтройМонтаж,8
1215,Дизайнером,8
1216,Квартал,8
1217,Проф,8
1218,Жертвователем,8
1219,Правообладателе,8
1220,Мироедово,8
1221,Термины,8
1222,Джетс,8
1223,Контенте,8
1224,Болельщика,8
1225,Предпринимателю,8
1226,Нашими,7
1227,Астана,7
1228,Абажур,7
1229,Хмельницкого,7
1230,РЕГИСТРАЦИИ,7
1231,Верона,7
1232,СБ,7
1233,Айова,7
1234,Инталев,7
1235,Хоспиталити,7
1236,Дизайнеру,7
1237,Суббота,7
1238,Гостю,7
1239,Пятница,7
1240,Вопросы,7
1241,Хаус,7
1242,Вертикаль,7
1243,Атлант,7
1244,Пиломатериалы,7
1245,Ибис,7
1246,Брекет,7
1247,Группа,7
1248,Води,7
1249,Контроллер,7
1250,Работодателю,7
1251,Форд,7
1252,Траст,7
1253,Руководству,7
1254,Настолки,7
1255,Партнёр,7
1256,Издатель,7
1257,Работодателем,7
1258,Маретинг,7
1259,Настоящей,7
1260,Вознаграждения,7
1261,Пенза,7
1262,Целью,7
1263,Паспорт,7
1264,Нашем,7
1265,Целей,7
1266,Ниармедик,7
1267,Вектор,7
1268,Эварус,7
1269,Островского,7
1270,ЮзерМарт,7
1272,Лето,7
1274,Медикал,7
1275,Продактс,7
1276,Тарифов,7
1277,ОПЕРАТОРОМ,7
1279,Экосистемы,7
1280,Природа,7
1281,Север,7
1282,Эксклюзив,7
1283,Для,7
1284,Семена,7
1285,Эль,7
1286,Си,7
1287,Алмаз,7
1288,предприниматель,7
1289,Обуви,7
1290,ГОР,7
1291,Продавця,7
1292,Систему,7
1293,Геометрия,7
1294,Продавцы,7
1295,Информационные,7
1296,Мануал,7
1297,СовПлим,7
1298,Иркутск,7
1299,Купон,7
1300,Доступа,7
1301,АО,7
1302,Снаряжения,7
1303,СУБЪЕКТА,7
1304,ПЕРСОНАЛЬНЫХ,7
1305,Садовый,7
1306,Психолог,7
1307,Четверг,7
1308,Врач,7
1309,Всеобщей,7
1310,Доски,7
1311,Текст,7
1312,Театром,7
1313,Курьер,7
1314,Лизинг,7
1315,КИТ,7
1316,Естейт,7
1317,Контактные,7
1318,Полномочного,7
1319,Разина,7
1320,Локост,7
1321,Федеральному,7
1322,Дешево,7
1323,Страницах,7
1324,Фабрика,7
1325,логин,7
1326,Покупцев,7
1327,Регион,7
1328,Мотосалоном,7
1329,Контрагентом,7
1330,Бонжур,7
1331,Защиты,7
1332,Дентал,7
1333,Витамакс,7
1334,Моторс,7
1335,Зарегистрироваться,7
1336,Полке,7
1337,Учредитель,7
1338,Дата,7
1339,Загрузки,7
1340,Декларацией,7
1341,Декинг,7
1342,Стандарт,7
1343,Заказам,7
1344,Бимарт,7
1345,Рекламодателей,7
1346,Укра,7
1347,Манор,7
1348,Наших,7
1349,Гуркович,7
1350,Жду,7
1351,Филигрань,7
1352,Российского,7
1353,Радке,7
1354,Саратов,6
1355,Дополнительной,6
1356,Твоя,6
1357,Редут,6
1358,КГ,6
1359,Отелей,6
1360,ВСЕ,6
1361,Ситроен,6
1362,Ежи,6
1363,Богиня,6
1364,Вилма,6
1365,Кухни,6
1366,Третий,6
1367,Генерала,6
1368,Платформу,6
1370,Анималия,6
1371,Координатора,6
1372,Вебсайт,6
1373,Момент,6
1374,Гинеколог,6
1375,Программе,6
1376,Контрагент,6
1377,Мйэлерлайт,6
1378,Аккаунтов,6
1379,Психологу,6
1380,АН,6
1381,Читателя,6
1382,Бегемоша,6
1383,Сравни,6
1384,Российская,6
1385,Службой,6
1386,Слонов,6
1387,Юнипрес,6
1388,Членом,6
1389,Директор,6
1390,Номера,6
1391,Телефон,6
1392,Твое,6
1393,БериБай,6
1394,Контрагента,6
1395,Выход,6
1396,Модератор,6
1397,Лапушка,6
1398,Материалам,6
1399,Экспо,6
1400,Галион,6
1401,Порядку,6
1402,Карточку,6
1404,Прокатом,6
1405,Организаций,6
1406,Существуют,6
1407,Благострой,6
1408,Матримонио,6
1409,Действий,6
1410,Обществе,6
1411,Электроника,6
1412,Производство,6
1413,Уведомлением,6
1414,мейлы,6
1415,Кард,6
1416,Ростовская,6
1417,Ганемана,6
1418,Организациеи,6
1419,сайте,6
1420,Организаторов,6
1421,Рекламодателям,6
1422,Этот,6
1423,Связи,6
1424,Эвакиров,6
1425,Внешних,6
1426,Продуктами,6
1427,Условиям,6
1428,Амур,6
1429,Тарифа,6
1430,що,6
1431,ЭкоКемикал,6
1432,Софи,6
1433,сайт,6
1434,пазлы,6
1435,Навигатор,6
1436,Использовании,6
1437,Учётной,6
1438,Макита,6
1439,Приказом,6
1440,Фидбек,6
1441,Технологий,6
1442,Воды,6
1443,Духовская,6
1444,Пежо,6
1445,РАБОТЫ,6
1446,Грановит,6
1447,Мск,6
1448,Сторонам,6
1449,Соглашение,6
1450,Страховщиком,6
1451,Вкуснофф,6
1452,Фаберже,6
1453,были,6
1454,Маркета,6
1455,Контролера,6
1456,Стрела,6
1457,Инвестора,6
1458,рф,6
1459,РФ,6
1460,Ай,6
1461,Партнёров,6
1462,Фасад,6
1463,Мира,6
1464,Лота,6
1465,Лотов,6
1466,Партнёру,6
1467,Работодатель,6
1468,САМСОН,6
1469,Грузоперевозчику,6
1470,Пдн,6
1471,далее,6
1472,Невского,6
1473,Клубника,6
1474,Федеральный,6
1475,Технологии,6
1476,Весь,6
1477,Держателем,6
1478,Правомочие,6
1479,Афише,6
1480,ЗАО,6
1481,Золотой,6
1482,Сообщений,6
1483,Той,6
1484,Гриф,6
1485,Центром,6
1486,Грузоотправителем,6
1487,Техника,6
1488,Игроков,6
1489,Уэбб,6
1490,Подписчику,6
1491,любое,6
1492,Рубин,6
1493,Пчеловод,6
1494,Артабан,6
1495,Принтов,6
1496,Приобретатель,6
1497,Царь,6
1498,Соискателя,6
1499,Адресов,6
1500,ДревГрад,6
1501,Личный,5
1502,Элит,5
1503,Контактному,5
1504,Материал,5
1505,браузеров,5
1506,Кернинг,5
1507,Абонентом,5
1508,Керамика,5
1509,Кибермаркет,5
1510,Энгельс,5
1511,Элитпак,5
1512,ОСУЩЕСТВЛЕНИЯ,5
1513,викторин,5
1514,Крыма,5
1515,Месяц,5
1516,Магазине,5
1517,Кукис,5
1518,ЛО,5
1519,юр,5
1520,Кожуховская,5
1521,Автокад,5
1522,Ломбард,5
1523,Юзер,5
1524,Киев,5
1525,Автоцентром,5
1526,Носки,5
1527,Консалт,5
1528,Мезо,5
1529,Мажор,5
1530,Медицинский,5
1531,Ак,5
1532,Абсолют,5
1533,Костис,5
1534,Юридические,5
1535,Любое,5
1536,Краски,5
1537,пчеловода,5
1538,Япона,5
1539,Автобусы,5
1540,Комментария,5
1541,Аккаунте,5
1542,Лучшая,5
1543,Нет,5
1544,Автодилер,5
1545,Энергокабель,5
1546,Меню,5
1547,Мастерская,5
1548,Кимберли,5
1549,Мэйлерлайт,5
1550,Консультаций,5
1551,Авторизации,5
1552,Эталон,5
1553,Контактным,5
1554,Контактных,5
1555,Найди,5
1556,Маливи,5
1557,ОБРАБОТКУ,5
1558,Микрон,5
1559,Юзером,5
1560,ться,5
1561,МОСКОВСКИЙ,5
1562,Кларк,5
1563,МорозКО,5
1564,НАСТОЯЩУЮ,5
1565,Серге,5
1566,Ритейл,5
1567,Учреждение,5
1568,Рекламораспространителю,5
1569,Заявления,5
1570,Рекламодателями,5
1571,Рекламодателем,5
1572,Баня,5
1573,Поле,5
1574,Уютнофф,5
1575,Рейтингом,5
1576,Зарегистрированный,5
1577,Руководства,5
1578,Запорожский,5
1579,Учителей,5
1580,Беловодье,5
1581,Редакции,5
1582,Участнику,5
1583,Регламента,5
1584,Услугой,5
1585,Бетру,5
1586,Банковские,5
1587,Покупателях,5
1588,Здравствуйте,5
1589,Фаст,5
1590,Росси,5
1591,Росархива,5
1592,Пласт,5
1593,Платежа,5
1594,Игры,5
1595,Спа,5
1596,Фонду,5
1597,Спектакля,5
1598,Игрой,5
1599,Площадок,5
1600,Договорами,5
1601,ИС,5
1602,Рис,5
1603,ИНФОРМАЦИЕЙ,5
1604,Победы,5
1605,Виста,5
1606,Вилена,5
1607,Урала,5
1608,Реальные,5
1609,Рамблеру,5
1610,Емейл,5
1611,Просто,5
1612,Ти,5
1613,Просмотров,5
1614,Супермен,5
1615,Дуси,5
1616,Приложениями,5
1617,Приложениях,5
1618,Дубликаты,5
1619,Приобретателем,5
1620,Программы,5
1621,ВЕСТА,5
1622,Прокат,5
1623,Тарифы,5
1624,ТОВАРЕ,5
1625,ТОВАР,5
1626,Производителя,5
1627,Производителями,5
1628,Профилей,5
1629,Диск,5
1630,Заказчиках,5
1631,Директ,5
1632,Рамблером,5
1633,Блогом,5
1634,Порядке,5
1635,Блогу,5
1636,УЧЕТНЫЕ,5
1637,Блокировщик,5
1638,Обратной,5
1639,Работы,5
1640,Тушефлора,5
1641,Туроператором,5
1642,Поставщик,5
1643,Болтуновых,5
1644,Туриста,5
1645,Туризм,5
1646,Бона,5
1647,Строп,5
1648,Жертвователь,5
1649,Соответствующего,5
1650,Договорам,5
1651,Ан,5
1652,Организация,5
1653,ПРАВИЛ,5
1654,Канаки,5
1655,КРИСТИ,5
1656,Оптидор,5
1657,ПОЛИТИКУ,5
1658,Оптима,5
1659,Чапка,5
1660,ПОД,5
1661,Организатор,5
1662,Исполнителей,5
1663,Организаторами,5
1664,Гора,5
1665,Системе,5
1666,Глинки,5
1667,Гид,5
1668,Гарант,5
1669,Казино,5
1670,Исполнителями,5
1671,Использование,5
1672,Использованием,5
1673,Перевозчиком,5
1674,Использовать,5
1675,Оферти,5
1676,Светич,5
1677,Саммит,5
1678,Сантехника,5
1679,Отправитель,5
1680,Отелем,5
1681,Кабель,5
1682,Сбоев,5
1683,Эзотеризм,5
1684,Осуществляя,5
1685,ПРЕДПРИНИМАТЕЛЬ,5
1686,Русский,5
1687,Альта,5
1688,Экспонента,5
1689,Град,5
1690,Архитектура,5
1691,Хаски,5
1692,Экспедитором,5
1693,ГЕО,5
1694,Партнёрам,5
1695,Сертификатом,5
1696,СО,5
1697,Христе,5
1698,СПЕЦВИП,5
1699,Сибири,5
1700,Каталог,5
1701,Электро,5
1702,Хабаровск,5
1703,Альконти,5
1704,Семёновская,5
1705,ГКФХ,5
1706,Работодателей,4
1707,Мардер,4
1708,Сертификат,4
1709,Свет,4
1710,Либерал,4
1711,юридическое,4
1712,Сухие,4
1713,Работником,4
1714,Мегаоптика,4
1715,электро,4
1716,Матроне,4
1717,Лендинг,4
1718,Ленау,4
1719,Проката,4
1720,Пункта,4
1721,это,4
1722,Маркетвыбор,4
1723,Субъектами,4
1724,Матриархат,4
1725,Промтех,4
1726,Сделки,4
1727,Профиле,4
1728,Руководством,4
1729,Лагуна,4
1730,Разработка,4
1731,Саров,4
1732,снаряжением,4
1733,Специалистах,4
1734,Реутов,4
1735,Лулу,4
1736,тюнинг,4
1737,Решения,4
1738,Ривьера,4
1739,СИ,4
1740,Содержания,4
1741,Родителем,4
1742,Родителя,4
1743,Родник,4
1744,Лицензии,4
1746,Солюшнс,4
1747,Сони,4
1748,Сохранить,4
1749,Личным,4
1750,Софт,4
1751,Ростов,4
1752,Росток,4
1753,снаряжение,4
1754,Спроси,4
1755,Репорталу,4
1756,Статуса,4
1757,Рассылки,4
1758,Самозанятый,4
1759,Мак,4
1760,Самозанятой,4
1761,Стиль,4
1762,Статьей,4
1763,Славы,4
1764,Слова,4
1765,Садон,4
1766,Рекламе,4
1767,сервисом,4
1768,СУБЪЕКТУ,4
1769,СУБЪЕКТОМ,4
1770,физическое,4
1771,Рекомендуем,4
1772,файлы,4
1773,Ренессанс,4
1774,СТРОЙ,4
1775,Сталгерт,4
1776,Со,4
1777,Обработкой,4
1779,Мед,4
1780,Невролог,4
1781,Чат,4
1782,ПОКУПАТЕЛЯ,4
1783,ПОЛИТИКОЙ,4
1785,Центра,4
1786,агент,4
1787,Хэллоу,4
1788,Пансионатом,4
1789,Парка,4
1790,агрегатора,4
1791,Хоружей,4
1792,Хонг,4
1794,Черногор,4
1795,Партнерство,4
1796,Хагери,4
1797,Передающую,4
1798,Насяня,4
1799,айта,4
1800,Форумов,4
1801,айтов,4
1802,Персональную,4
1803,Персональными,4
1804,Петергоф,4
1805,Пи,4
1806,Пинцевич,4
1807,Черметторг,4
1809,Платных,4
1810,ЭЛИОНМОСТ,4
1811,Элан,4
1812,Объектах,4
1813,Объекты,4
1814,Экспедитора,4
1815,Обязательные,4
1816,Экотерм,4
1817,Эм,4
1818,Она,4
1819,Онда,4
1820,Экзотическая,4
1821,Энтузиастов,4
1822,ЭТАЛОН,4
1824,Новости,4
1825,Орел,4
1826,Особые,4
1827,Шостак,4
1829,Ответы,4
1830,Номеров,4
1831,Отчет,4
1832,Юзеру,4
1833,Номад,4
1834,Юнисендер,4
1835,Чип,4
1836,Черноземья,4
1837,Плательщиком,4
1838,Нажимая,4
1839,Счета,4
1840,Почту,4
1841,Модераторами,4
1842,Модератора,4
1843,Уполномоченное,4
1845,Могилев,4
1846,Посетители,4
1847,неи,4
1848,Ты,4
1849,Туроператор,4
1850,Турагенту,4
1851,Трудового,4
1853,Третьей,4
1854,Мои,4
1855,Правилль,4
1856,несе,4
1857,ТрансЛинк,4
1858,Топ,4
1859,Техношина,4
1860,Технохим,4
1862,Мерке,4
1863,ов,4
1864,Мейл,4
1865,Театр,4
1866,Тач,4
1867,Уполномоченным,4
1868,Участнике,4
1869,Платформа,4
1870,данные,4
1872,Флуд,4
1873,Флора,4
1874,НИ,4
1875,Фирма,4
1876,Поверенный,4
1877,НАМ,4
1878,Физ,4
1879,Поговорим,4
1880,Фейерверки,4
1881,Мэри,4
1882,Подмазовым,4
1883,Федощук,4
1884,Участником,4
1885,Поинтер,4
1886,Файл,4
1887,ком,4
1888,логину,4
1889,Муза,4
1890,Фаберлик,4
1891,ФОРСАЖ,4
1892,ма,4
1893,ФИО,4
1894,Мосфильм,4
1895,Получателям,4
1896,Ученик,4
1897,Фобос,4
1898,ПОКУПАТЕЛЮ,4
1899,Акций,4
1900,Ворот,4
1901,Водаков,4
1902,Бельканто,4
1903,Авиаторов,4
1904,Войти,4
1905,Контрагентами,4
1906,Беды,4
1907,Башкортостан,4
1908,Контакт,4
1909,Волготехснаб,4
1911,Барристеры,4
1912,Ворота,4
1913,Авеню,4
1914,БанкротИнфо,4
1915,Конкурсов,4
1916,Игра,4
1917,Доставщика,4
1918,Балтики,4
1919,Автомастер,4
1920,Допуск,4
1921,Дополнительных,4
1922,Идеальная,4
1923,Компаниия,4
1924,Компаниии,4
1925,Бензо,4
1926,Августа,4
1927,Академия,4
1928,Зенит,4
1929,Зарегистрированным,4
1930,Кривой,4
1932,АЮ,4
1933,Веддинг,4
1934,Алтай,4
1935,Блоггер,4
1936,Заявку,4
1937,Айсберг,4
1939,Кострома,4
1940,Дян,4
1941,Вог,4
1942,Битрикс,4
1943,Видеоконтента,4
1944,Корпорэйшн,4
1945,Визит,4
1946,Визу,4
1947,Король,4
1948,Корзине,4
1949,Авальремонт,4
1950,Коперник,4
1951,Владельцам,4
1952,ИА,4
1953,Компаниеи,4
1954,Байкпостом,4
1955,Вэльюз,4
1956,Диамед,4
1957,Грунтовик,4
1958,Автошина,4
1959,Аутентификационных,4
1962,Агрегатору,4
1963,Агрофирма,4
1964,ДАЮ,4
1965,Дизайн,4
1966,ДОСТУПОМ,4
1967,Иной,4
1968,Инспекция,4
1969,ГОРОД,4
1970,Ди,4
1971,Астрал,4
1972,Кабинете,4
1973,Даунсайд,4
1974,Йога,4
1976,Деи,4
1977,Деко,4
1978,Интерра,4
1979,Джамият,4
1980,Иншуранс,4
1981,Каспий,4
1982,Кафе,4
1983,Гостях,4
1984,Кейтеринг,4
1985,КомСтрин,4
1986,Базар,4
1988,Галактика,4
1989,Галерея,4
1990,Колбашовым,4
1991,БИН,4
1992,Гейзер,4
1993,Клинкер,4
1994,Клиникой,4
1995,Изделия,4
1996,Ап,4
1997,Героев,4
1998,Гешефт,4
2000,Ахатин,4
2001,Аффилированных,4
2002,Класс,4
2003,Кинофлот,4
2004,Кинотеатров,4
2005,Киноконцерна,4
2006,Директору,4
2007,Гости,4
2008,Криволученская,4
2009,Иных,4
2010,Купить,4
2011,Курьерскои,4
2012,Загрузка,4
2013,Купи,4
2014,АГРОРУ,4
2015,Лавка,4
2016,Бустера,4
2017,ЗЕЛЕНЫЙ,4
2018,Бонусной,4
2019,ВЫПОЛНЕНИЕ,4
2020,Бонуса,4
2021,Бонусы,4
2022,Куйбышева,4
2023,Активированной,4
2024,АДРЕСА,4
2025,Курсом,4
2027,ЗАБАВА,4
2028,Борковром,4
2029,Букмейт,4
2030,Вайбер,4
2031,Сам,3
2032,ненко,3
2033,Диспетчер,3
2035,Шекспир,3
2036,ЛА,3
2037,ОПЕКУНОВ,3
2038,Клерк,3
2039,Кири,3
2040,ОПЕРАТОР,3
2041,Форекс,3
2042,Кинозал,3
2043,Поставщиков,3
2044,Профи,3
2045,Диспут,3
2046,ЗАКОНОМ,3
2047,Главного,3
2048,Апахончич,3
2049,Самозанятому,3
2050,да,3
2051,Ньютонью,3
2052,ЮР,3
2053,Норв,3
2054,Иису,3
2055,Нужна,3
2056,Нусра,3
2057,Лорд,3
2058,Гольф,3
2059,Голоса,3
2060,нада,3
2061,СОГЛАСИЕ,3
2062,направленные,3
2063,СИМ,3
2064,Керамики,3
2065,Фотомагазин,3
2066,Квадро,3
2067,Тимбермаш,3
2068,Областная,3
2069,Госуда,3
2070,Лекса,3
2071,Фотомагазина,3
2072,Шам,3
2073,САН,3
2074,Гражданин,3
2075,СОГЛАШЕНИЮ,3
2076,Керриер,3
2077,Сайентифик,3
2078,ОСНО,3
2080,Санта,3
2083,Загородная,3
2084,Диска,3
2085,Города,3
2086,ЛАНА,3
2087,Горский,3
2088,невролог,3
2089,де,3
2090,ОТВЕТСТВЕННОСТЬЮ,3
2092,Админов,3
2093,Санмаркет,3
2094,оборудованию,3
2095,Гермес,3
2097,Продукт,3
2099,ЭРА,3
2100,Гамак,3
2101,Семья,3
2102,Крош,3
2104,Проектах,3
2105,обнова,3
2106,Секиры,3
2107,Секира,3
2108,ПиДжи,3
2109,Нашей,3
2110,БОЛИ,3
2111,Севера,3
2112,Нашим,3
2113,Аксиома,3
2114,Наптугова,3
2115,Проджект,3
2116,ГУМа,3
2117,НН,3
2118,Комментарий,3
2119,Сибирский,3
2120,Эрготерапевт,3
2121,Байкал,3
2122,Питер,3
2123,Фейсбук,3
2124,Серебряный,3
2125,Колтач,3
2126,Сергевой,3
2127,Продакшн,3
2128,Серг,3
2129,ГРИНА,3
2130,Ферма,3
2131,Фетискинной,3
2132,Ковроедов,3
2133,Анкеты,3
2134,Нашу,3
2135,ПерунаКому,3
2136,ПерунаКак,3
2137,Генна,3
2138,Клуб,3
2139,Перуна,3
2140,Перспектива,3
2141,Сборщик,3
2142,Промокодов,3
2143,Промокодом,3
2144,Три,3
2145,Флуда,3
2146,Сауны,3
2147,БАНКОВСКОЙ,3
2148,Школьная,3
2149,Каталогом,3
2151,Ген,3
2152,ым,3
2153,Фирмы,3
2154,Добрая,3
2155,Петяев,3
2156,Флагман,3
2157,Петь,3
2158,Невский,3
2159,гор,3
2160,Производителю,3
2161,Свифт,3
2162,Свим,3
2163,определенному,3
2164,Гатчина,3
2166,Светлая,3
2167,Свете,3
2168,Неличная,3
2170,Каталогу,3
2171,Грация,3
2172,Пекара,3
2173,КАДР,3
2174,Рем,3
2175,Пакетов,3
2176,Даю,3
2177,Пакета,3
2178,Рекламораспространителя,3
2179,Джихад,3
2180,Рекламораспространитель,3
2181,Акцепту,3
2182,Касса,3
2183,Арфен,3
2184,Завуч,3
2185,Отелю,3
2186,АдминистрацияСайта,3
2187,Отзывов,3
2188,кв,3
2189,Отказа,3
2190,Джиэль,3
2192,Ответчика,3
2193,Ответственным,3
2194,Интел,3
2195,Дантистофф,3
2196,Ресурсам,3
2197,Дастер,3
2198,которого,3
2199,Хоккеем,3
2200,ЛайфСкан,3
2201,Юзерпик,3
2202,Пансионату,3
2203,КУРГАН,3
2204,Ответ,3
2205,Джо,3
2206,Рено,3
2207,Ответственности,3
2208,КОСТРОМА,3
2209,Паблишер,3
2210,Артис,3
2211,Редакция,3
2212,Рахневская,3
2213,Цеткин,3
2214,Исполниетелм,3
2215,ПАК,3
2216,Детская,3
2217,ПОРЯДКЕ,3
2218,ЧУ,3
2219,ПОНЯТИЯ,3
2220,Информационного,3
2221,ПЕСНИ,3
2222,Чамаев,3
2223,Аренды,3
2224,Черкес,3
2225,Информационный,3
2226,ПОЛЬЗОВАТЕЛЕ,3
2227,Лавли,3
2228,или,3
2229,Раша,3
2230,йсню,3
2231,Исполнителе,3
2232,Администраторы,3
2233,Дело,3
2234,Регнум,3
2235,Деловые,3
2236,Отправьте,3
2237,Регламенте,3
2238,Цена,3
2239,Лазер,3
2240,Разделе,3
2241,исковым,3
2242,Истекс,3
2243,информацию,3
2244,Дети,3
2246,Информацией,3
2247,Даль,3
2248,Хитмакс,3
2249,Далее,3
2250,Одаряемый,3
2252,Груп,3
2253,эхолотов,3
2254,Публ,3
2255,мебель,3
2256,Членах,3
2257,Ознакомился,3
2258,Ознакомлен,3
2259,маяки,3
2260,Дилекс,3
2261,Ойл,3
2262,Инвесторов,3
2263,Читателями,3
2264,Агентством,3
2265,Роста,3
2266,Грунтовым,3
2267,Легко,3
2268,Олли,3
2269,Рудный,3
2270,Юкоз,3
2271,Псевдоним,3
2272,Донской,3
2273,Кас,3
2274,Грузовой,3
2275,Фотостудия,3
2276,Русского,3
2277,Карнахана,3
2278,Пацков,3
2279,Фотошопа,3
2280,Диолли,3
2281,Румба,3
2283,АДМИНИСТРАЦИЕЙ,3
2284,Франкенштейн,3
2285,майл,3
2286,Функционирование,3
2287,Джонатан,3
2288,ДО,3
2289,РО,3
2290,Инлавка,3
2291,Камалягин,3
2292,Калужская,3
2293,Инпромед,3
2294,Риф,3
2295,Тотал,3
2296,Пароли,3
2297,Каида,3
2298,Паролем,3
2299,Каи,3
2300,куп,3
2301,Оренбургская,3
2302,Химитек,3
2303,ЮРИДИЧЕСКИЙ,3
2304,Аджр,3
2305,Каменогорск,3
2306,Пьер,3
2307,Роли,3
2308,ОнЛайм,3
2309,ДАННОМ,3
2310,Точка,3
2311,Капитош,3
2312,Капитал,3
2313,Индивидуальном,3
2314,Кандидатами,3
2315,ДЕЛОВОЙ,3
2316,лс,3
2317,Читателей,3
2318,Камышин,3
2319,Ронсар,3
2320,Оплатить,3
2322,Роналду,3
2323,Сибхолод,3
2324,Выдача,3
2325,Бакс,3
2326,ЭлМедиа,3
2327,Беслан,3
2328,Твитнуть,3
2329,Вкуса,3
2330,Специалисту,3
2331,ЗонаЗакона,3
2332,Тя,3
2333,Бизнес,3
2334,Маетная,3
2335,Медуза,3
2336,Эльбрус,3
2337,Бизнеса,3
2338,Знания,3
2339,Бизнесменс,3
2340,Условиях,3
2341,Вент,3
2342,Предоставлении,3
2343,Спутник,3
2344,Билете,3
2345,Координаторам,3
2346,Винлайн,3
2347,таи,3
2348,та,3
2349,Медиахолдинга,3
2350,УРАЛ,3
2351,Средства,3
2352,Билеты,3
2353,Коренного,3
2355,Личная,3
2357,Конфиденциальность,3
2358,Менеджеру,3
2359,Контур,3
2360,Белсинема,3
2361,Контрольной,3
2362,Амбиндер,3
2363,Сообщение,3
2364,Принять,3
2365,Тулатеплосеть,3
2366,Лицензией,3
2367,КотоФото,3
2368,ВО,3
2369,Метрики,3
2370,Пользования,3
2371,Контролёру,3
2372,Месяцев,3
2373,Поддержка,3
2374,Яруллаевич,3
2375,Твои,3
2376,Участникам,3
2377,Мероприятия,3
2378,Прайс,3
2379,Социальной,3
2380,Ярмарка,3
2381,Принцесса,3
2382,Усть,3
2383,Застрахованного,3
2384,св,3
2386,Дублирующего,3
2387,Красок,3
2388,Эл,3
2389,Ссылки,3
2390,Дракула,3
2391,Майский,3
2392,Бирюзова,3
2393,Малек,3
2394,Бланков,3
2395,Степаник,3
2396,Покров,3
2397,Акционеров,3
2398,Представитель,3
2399,Столица,3
2400,Вайт,3
2401,Марта,3
2402,Малый,3
2403,Представителей,3
2404,Маркетплейса,3
2405,Страхования,3
2406,Маркетплейс,3
2407,Зексель,3
2408,Звездинский,3
2410,Странице,3
2411,Умут,3
2412,Полыч,3
2413,Абакан,3
2414,Манго,3
2415,Здрав,3
2416,Абдель,3
2417,Марафон,3
2418,Здоровья,3
2419,ЛогТэг,3
2420,Покупки,3
2421,Видеоконтент,3
2422,Тарифному,3
2423,Страховщика,3
2424,Тарифам,3
2426,При,3
2427,аш,3
2428,Элбек,3
2429,агентствам,3
2430,Альпина,3
2431,МебельМаркет,3
2432,Станке,3
2433,Мая,3
2434,Станкофф,3
2436,Урал,3
2439,Бонус,3
2440,Матроса,3
2441,АЛ,3
2442,Корпоративного,3
2443,Турецкий,3
2444,Корпоративном,3
2445,Абонентами,3
2446,Биопоиск,3
2447,Материалами,3
2448,Корр,3
2449,Предпринимателе,3
2450,Златоуст,3
2451,Корфиати,3
2452,Получить,3
2453,Жарден,3
2454,Правообладетель,3
2455,Тукая,3
2456,Конкурсах,3
2457,Фаи,3
2459,Выберите,3
2460,ул,3
2461,Амуре,3
2462,ТОМ,3
2463,ЯО,3
2464,Эй,3
2465,ТОВАРЫ,3
2466,Вуд,3
2467,Играйка,3
2468,Мотор,3
2469,Случай,3
2470,Моссэбо,3
2472,Болибок,3
2473,Почтой,3
2474,Московское,3
2475,Московского,3
2476,АНД,3
2477,Боксбери,3
2478,Время,3
2479,Туроператора,3
2480,ФС,3
2482,Ивановская,3
2483,ФЛЕР,3
2484,ФЕДЕРАЛЬНЫМ,3
2485,Вакансий,3
2486,Кристофер,3
2487,Игрушка,3
2488,Фамилии,3
2489,Плагиатус,3
2490,Дополнительная,3
2492,Продавцем,3
2493,Акканута,3
2494,Кровля,3
2496,Криштиану,3
2497,Синема,3
2499,Систем,3
2500,Пластик,3
2501,Фарминдекса,3
2503,Системс,3
2504,Мьюзик,3
2505,прайс,3
2506,Туристом,3
2507,Компас,3
2508,Правовой,3
2510,Лукино,3
2511,Сказка,3
2512,ВЕТРОВ,3
2513,Автозапчасти,3
2514,Выгодоприобретателя,3
2515,Лит,3
2516,Программам,3
2517,Смарт,3
2518,Вары,3
2519,Языковой,3
2520,Модераторы,3
2521,Доступные,3
2522,Поверенного,3
2523,Тудей,3
2524,Полномочный,3
2525,Кураторов,3
2527,Ваучер,3
2529,Зарегистрированных,3
2530,Могилевская,3
2532,Правообладателям,3
2533,Учётные,3
2534,МОСКВА,3
2535,ИНОЙ,3
2536,Безопасностью,3
2537,Конторчик,3
2538,ИНДИВИДУАЛЬНЫЙ,3
2539,Соискателю,3
2541,Мираж,3
2542,Драйв,3
2543,Учетных,3
2544,Приобретателю,3
2545,Белогорья,3
2546,Вопрос,3
2547,Электронной,3
2548,Молва,3
2549,АРХАНГЕЛЬСКИЙ,3
2550,Энгельса,3
2551,ФАЙТ,3
2552,Ватсап,3
2553,Курочкино,3
2554,ресурс,3
2555,Молоток,3
2556,Ля,3
2557,Получающей,3
2558,веб,3
2559,труб,3
2560,Правили,3
2561,Воркл,3
2562,Эмоций,3
2563,Сниккарс,3
2564,ТАЗОВОЙ,3
2565,Работнику,2
2566,Черногора,2
2567,Европапир,2
2568,Работникам,2
2569,Работники,2
2570,Алма,2
2571,Елецкие,2
2572,Аракул,2
2573,Работодателям,2
2574,Алек,2
2575,Разработчиков,2
2576,Джунд,2
2577,Дзержинский,2
2578,Естественное,2
2579,Раздел,2
2580,Работниках,2
2581,Есть,2
2582,Джей,2
2583,Чертыгашева,2
2584,ДжиЭль,2
2585,Ездовым,2
2586,Алиэкспресс,2
2587,Томской,2
2588,Едапроф,2
2589,Разделов,2
2590,Предложений,2
2591,Работнике,2
2592,Чеснок,2
2593,Джи,2
2594,Разместить,2
2595,Рабочий,2
2596,Джентльмен,2
2597,Электронном,2
2598,Энд,2
2599,Алтае,2
2600,Энергокапитал,2
2601,Эмитента,2
2602,Черноземье,2
2603,Чудес,2
2604,Альба,2
2605,Договоры,2
2606,Ами,2
2607,Эквит,2
2608,Америка,2
2609,Проводник,2
2610,Проавца,2
2611,ПроТаблетки,2
2612,Эшпая,2
2613,ПроДокторов,2
2614,Почты,2
2615,Промокоды,2
2616,Добавлен,2
2617,Ансер,2
2618,Эра,2
2619,ПроБолезни,2
2620,Просим,2
2621,Днепровский,2
2622,Природе,2
2623,ЮМани,2
2624,ПротекторФлекс,2
2625,Шахматы,2
2626,Драгоманова,2
2627,ПрофБанкингу,2
2628,Экологии,2
2629,Шрифт,2
2630,Желаю,2
2631,Диамакс,2
2632,Доставщику,2
2633,Амфодент,2
2634,Донора,2
2635,Продавцю,2
2636,Эстейт,2
2637,Донор,2
2638,Акционера,2
2639,Эти,2
2640,Продаж,2
2641,Эгершельд,2
2642,Жизнь,2
2643,Жемчуг,2
2644,Разрешение,2
2645,Потребителе,2
2646,Почтовый,2
2647,Доставленный,2
2648,Щавель,2
2649,Документов,2
2650,Документе,2
2651,Докавеб,2
2652,Шухевича,2
2653,Произведениям,2
2654,Доставщиком,2
2655,Эфедра,2
2656,Шар,2
2657,Профили,2
2658,Амарант,2
2659,Другие,2
2660,Дикторы,2
2661,Электрикал,2
2662,ЗУ,2
2663,Читателю,2
2664,Забыли,2
2665,Представителями,2
2666,Читателем,2
2667,Поставки,2
2668,РАЗРЕШЕНИЕ,2
2669,Электродом,2
2670,РАСКРЫТИЕ,2
2671,Эпплаенсис,2
2672,ЕГор,2
2673,РИФ,2
2674,Пост,2
2675,РОССИЙСКОЙ,2
2676,Диванпорт,2
2677,Альмега,2
2678,РОСТОВСКАЯ,2
2679,ЕЛЬЦИН,2
2680,РС,2
2681,Последнее,2
2682,РУС,2
2683,Публичной,2
2684,ПремиумГранит,2
2685,Преслали,2
2686,Дюсенова,2
2687,ЭксСер,2
2689,Профит,2
2690,Прима,2
2691,Шама,2
2693,Духовного,2
2694,Поставщике,2
2695,Эксперт,2
2696,Эксперта,2
2697,Экспертами,2
2698,Члене,2
2699,Приказа,2
2700,Прошу,2
2701,Экспертом,2
2702,Шабеса,2
2703,Директа,2
2704,Продавцомдля,2
2705,Альтика,2
2706,Члены,2
2707,Аполлония,2
2708,Приборы,2
2709,Потенциал,2
2710,Сад,2
2711,Арендаторе,2
2712,Стилет,2
2713,Биржа,2
2714,Статус,2
2715,Старая,2
2716,Уральская,2
2717,Стальмаш,2
2718,ВикиГриб,2
2719,Уровень,2
2720,Ставки,2
2721,Уромед,2
2722,Био,2
2723,Срочно,2
2724,Срока,2
2725,Винестрия,2
2726,Билайн,2
2727,Справки,2
2728,Виноградный,2
2729,Спонсоры,2
2730,Стелла,2
2731,Уникма,2
2732,Спецодежда,2
2733,Стинер,2
2734,Ветеранов,2
2735,Ударник,2
2736,Страхователе,2
2737,Благоева,2
2738,Украинская,2
2739,Улица,2
2740,Страниц,2
2741,Вещь,2
2742,Взаимодействие,2
2743,Сторони,2
2744,Умница,2
2745,Виакадемиейю,2
2746,Университета,2
2747,Стор,2
2748,Университетский,2
2749,Стомадент,2
2750,Стом,2
2751,Витон,2
2752,Спецконтей,2
2753,Службе,2
2754,Учителем,2
2755,Волгопродмонтаж,2
2756,Батюшкова,2
2757,Баском,2
2758,Барс,2
2759,Воск,2
2760,Советник,2
2761,ФАСТ,2
2762,ФГОС,2
2763,Собери,2
2764,Восход,2
2765,Снежный,2
2766,ФЕДЕРАЛЬНОЙ,2
2767,Снаряжению,2
2768,Воч,2
2769,Смоленск,2
2770,Банковская,2
2771,Слушков,2
2772,Создаём,2
2773,Соискатель,2
2774,Вкус,2
2775,Волго,2
2776,Спецдеталь,2
2777,Берёзовский,2
2778,Уставе,2
2779,Владельцев,2
2780,Уставу,2
2781,Спама,2
2782,Устройством,2
2783,Союз,2
2784,Ух,2
2785,УчМаг,2
2786,Сосновый,2
2787,Берггольц,2
2788,Сообщения,2
2789,Белый,2
2790,Учениках,2
2791,Безпосередньо,2
2792,Соискателям,2
2793,Уандер,2
2794,Весна,2
2795,Блок,2
2796,ВАШЕ,2
2797,Термо,2
2798,ВАШУ,2
2799,Тринити,2
2800,Терапевт,2
2801,Триумф,2
2802,Теплый,2
2803,Теплолюкс,2
2804,Теплоджии,2
2805,Тепло,2
2806,Бор,2
2807,Теннис,2
2808,Тематических,2
2809,Тельцам,2
2810,Труд,2
2811,ВЕЧЕРОВ,2
2812,Трудовой,2
2813,Телеграм,2
2814,ВАШИХ,2
2815,ТехМастеру,2
2816,Строителей,2
2817,Бэс,2
2818,Тойота,2
2819,Торги,2
2820,Буква,2
2821,Торговом,2
2822,Тордия,2
2823,Товари,2
2824,Букетон,2
2825,Буль,2
2826,ТовараУслуг,2
2827,Тихая,2
2828,Бустер,2
2829,Трамплин,2
2830,ТрансМаркет,2
2831,Требований,2
2832,Третьему,2
2833,ТехноТрейл,2
2834,Бьютихак,2
2835,ВИ,2
2836,Трэвел,2
2837,Трэйд,2
2838,Текнолоджиз,2
2839,ТАК,2
2840,Туруниверсал,2
2841,Сы,2
2842,Счётчики,2
2843,Туфана,2
2844,Сциталис,2
2845,Введите,2
2846,Суси,2
2847,Вверх,2
2848,Ввиду,2
2849,Вебинаре,2
2850,Суди,2
2851,Вебмойка,2
2852,Бобёр,2
2853,Велосипеды,2
2854,Стройка,2
2855,УРОВЕНЬ,2
2856,Варва,2
2857,ТРАНСГРАНИЧНАЯ,2
2858,Больницей,2
2859,Турист,2
2860,Текарт,2
2861,Театров,2
2862,ВОЛЯ,2
2863,Тураз,2
2864,Вайбернуть,2
2865,Турбо,2
2866,Тарифец,2
2867,Большевиков,2
2868,ТУР,2
2869,Тальпром,2
2870,Такси,2
2871,Такелаж,2
2872,Тайманова,2
2873,Тагьаля,2
2874,Тавхида,2
2875,ТУРОВ,2
2876,Службу,2
2877,Службах,2
2878,Райниса,2
2879,Рокет,2
2880,Атлас,2
2881,ДРЕВОГРАД,2
2882,Хай,2
2883,Хайер,2
2884,Характеристики,2
2885,Харамейн,2
2886,Харьков,2
2887,Да,2
2888,Харьковская,2
2889,Ринг,2
2890,Ата,2
2891,Ат,2
2892,Дабл,2
2893,Химки,2
2894,Речка,2
2895,Реципиента,2
2896,Хирург,2
2897,Родитель,2
2898,Рондо,2
2899,Даная,2
2900,РосАквариум,2
2901,Руно,2
2902,Фрамир,2
2903,Руза,2
2904,Франкенштейна,2
2905,Группе,2
2906,Аутентификационные,2
2907,Грушелистная,2
2908,Ростовский,2
2909,Ростова,2
2910,Ростелекомом,2
2911,Гуглом,2
2912,ФурТек,2
2913,Футболом,2
2914,Российский,2
2915,Фути,2
2916,ДЕЙСТВИЕ,2
2917,ХАЙВ,2
2918,Хоббит,2
2919,Астро,2
2920,Службами,2
2921,Регистрационных,2
2922,Детей,2
2923,Детишкам,2
2924,Реалдент,2
2925,Реал,2
2926,Цифра,2
2927,Арзамасу,2
2928,ЧОУ,2
2929,Рассоха,2
2930,Рассении,2
2931,Чагда,2
2932,Арзамаса,2
2933,Распорядитель,2
2934,Арендой,2
2935,Расковой,2
2936,Рамки,2
2937,Раменское,2
2938,Джабха,2
2939,АрмстронгГрупп,2
2940,Деловой,2
2941,Ассорти,2
2942,Регтайм,2
2943,Аскона,2
2944,Хорошёвская,2
2945,Асбат,2
2946,Архангела,2
2947,РемПро,2
2948,Хранение,2
2949,Рекламы,2
2950,Две,2
2951,Христиан,2
2952,Рекламодателю,2
2953,Рекламодатели,2
2954,Действия,2
2955,Артсевер,2
2956,ЦАП,2
2957,Редькино,2
2958,Арти,2
2959,Целевому,2
2960,Грузоотправителю,2
2961,Русобалт,2
2962,Русские,2
2963,ГРАЖДАН,2
2964,Гам,2
2966,Багет,2
2967,Фильм,2
2968,ФинКонт,2
2969,Сельгикова,2
2970,Секс,2
2971,Седьмого,2
2972,Финансовой,2
2973,Сегменто,2
2974,БО,2
2975,Сделок,2
2976,Гастроэнтеролог,2
2977,Фламинго,2
2978,Свой,2
2979,Свободы,2
2980,Свидетельством,2
2981,Газет,2
2982,ГОРЬКОГО,2
2983,Гродно,2
2984,ГАУК,2
2985,Службам,2
2986,Слобода,2
2987,Фальшивый,2
2988,Фараби,2
2989,Скайлайн,2
2990,Баллы,2
2991,Вызов,2
2992,Выписки,2
2993,Сильверджевелс,2
2994,Силы,2
2995,Фастгеар,2
2996,Феврония,2
2997,Баланс,2
2998,Сигарелка,2
2999,Базой,2
3000,Вэб,2
3001,ГАЙДЕ,2
3002,Флекс,2
3003,Гашека,2
3004,Свердловский,2
3005,Флинк,2
3006,Глобатек,2
3007,Форумах,2
3008,Афишаей,2
3009,Гномом,2
3010,Сайтадля,2
3011,Садовая,2
3012,Горном,2
3013,Горы,2
3014,Горького,2
3015,Господа,2
3016,Фотограф,2
3017,Фотографом,2
3018,Гостиница,2
3019,Гофракартон,2
3020,Гражданским,2
3021,САМАРА,2
3022,Графика,2
3023,Салават,2
3024,Сале,2
3025,Самаре,2
3026,Геннина,2
3027,Свадебной,2
3028,Сборщику,2
3029,Сборщика,2
3030,Сборки,2
3031,Сборка,2
3032,БАСС,2
3033,Геннин,2
3034,Саут,2
3035,Самарская,2
3036,Саратову,2
3037,Санкибай,2
3038,Самуи,2
3039,Самошвейка,2
3040,Герцена,2
3041,Формами,2
3042,Формат,2
3043,Загар,2
3044,Сан,2
3045,Московский,2
3046,ОПЕРАТОРУ,2
3047,Исакеева,2
3048,Киви,2
3049,Маркиза,2
3050,Киеве,2
3051,Маркетинг,2
3052,ПОЛЬЗОВАТЕЛИ,2
3053,за,2
3054,ОПЛАТЕ,2
3055,ПОЛЬЗОВАТЕЛЮ,2
3056,Костромама,2
3057,ПОРЯДКА,2
3058,Котики,2
3059,Маншук,2
3060,КиберЛенинку,2
3061,Консалтенси,2
3062,ПРАВИТЕЛЬСТВА,2
3063,Интернт,2
3064,Котломаш,2
3065,студией,2
3066,Кинг,2
3067,Манометр,2
3068,жа,2
3069,Администраторов,2
3070,Морозовские,2
3071,Которые,2
3072,Морщины,2
3073,Космонавта,2
3074,ствии,2
3075,Пайн,2
3076,Обелиск,2
3077,Обновлён,2
3078,Исполнителям,2
3079,Матузка,2
3080,Матронушки,2
3081,настоящего,2
3082,Материалах,2
3083,им,2
3084,Консультант,2
3085,соответствие,2
3086,соответствующеи,2
3087,Обер,2
3088,Мастерфайбр,2
3089,ПАНТУС,2
3090,Исключением,2
3091,зобов,2
3092,ПЕРЕДАЧА,2
3093,Исполниетелем,2
3094,Ислах,2
3095,Космодемьянского,2
3096,зв,2
3097,Ислами,2
3098,ПОДВАЛЬНЫЙ,2
3099,ПОКУПАТЕЛИ,2
3100,ре,2
3101,КиберЛенинки,2
3102,Искратэн,2
3103,Маметовой,2
3104,Пакет,2
3105,Истории,2
3106,ра,2
3107,Инд,2
3108,Кран,2
3109,Москва,2
3110,Ньютон,2
3111,Классик,2
3112,Москвичка,2
3113,Инвесторе,2
3114,Нужен,2
3115,Пассажиров,2
3116,ПатиДекор,2
3117,Москвы,2
3119,Океан,2
3120,для,2
3121,теги,2
3122,никнейм,2
3123,Инвесторам,2
3124,ди,2
3125,Педиатр,2
3126,Автоград,2
3127,Импульс,2
3128,Магия,2
3129,Номинал,2
3130,Первым,2
3131,Краснодеревщик,2
3132,Клаудберри,2
3133,Майна,2
3134,Майндбокс,2
3135,неналежному,2
3136,Мосавтошина,2
3137,Кирова,2
3138,Клаб,2
3139,доступа,2
3140,Малых,2
3141,размещаемой,2
3142,Паприка,2
3143,доставкои,2
3144,Малая,2
3145,доната,2
3146,непереборно,2
3147,Малахит,2
3148,Мактон,2
3149,Инсайд,2
3150,Нэппи,2
3151,суми,2
3152,непосредственно,2
3153,Инновэйтив,2
3154,Партнерах,2
3155,Инкон,2
3156,Инк,2
3157,ся,2
3158,Партнерством,2
3159,Инжиниринг,2
3160,Краевое,2
3161,Индивидуальной,2
3162,Майтек,2
3163,интернет,2
3164,Маэстро,2
3165,действия,2
3166,Ореха,2
3167,Админам,2
3168,Каменные,2
3169,Меш,2
3170,Калуга,2
3171,Мечты,2
3172,Контрольных,2
3173,Мета,2
3174,Оджноклассники,2
3175,Карелия,2
3176,Агенте,2
3177,Мероприятиях,2
3178,Оргтехника,2
3179,мереж,2
3180,Каменный,2
3181,Орифлэйм,2
3182,Орска,2
3183,Конференции,2
3184,Ортэл,2
3185,Мерлион,2
3186,Орхидея,2
3187,Орёл,2
3188,Мерлина,2
3189,ми,2
3190,Меркурий,2
3191,сбора,2
3192,Кабинету,2
3193,Один,2
3194,Оптимизацию,2
3195,Карельский,2
3196,Кандидату,2
3197,Мнения,2
3200,Мо,2
3201,Карандашами,2
3202,АвиацентрСервис,2
3203,Контрол,2
3204,Он,2
3205,Агентству,2
3206,Озёра,2
3207,Оператораи,2
3208,Адвентистов,2
3209,Контролером,2
3210,Миваго,2
3211,Адвокату,2
3212,ря,2
3213,лы,2
3214,маяк,2
3215,АвтоВебОфис,2
3216,Камион,2
3217,Контактный,2
3218,Одним,2
3219,Миллиарды,2
3220,Микс,2
3221,Авиатор,2
3222,Авертэкс,2
3223,Мерион,2
3224,Меняй,2
3225,Обратная,2
3226,Консультации,2
3227,Медицинского,2
3228,Ихья,2
3229,сили,2
3230,Каскад,2
3231,Мединтех,2
3232,МедикРасходка,2
3233,Объекте,2
3234,Мозаика,2
3235,Медвежьи,2
3236,Абылай,2
3237,Открытой,2
3238,Отменить,2
3239,Объект,2
3240,Медклуб,2
3241,Отношения,2
3242,Ихилов,2
3243,моцарелла,2
3244,Ихван,2
3245,його,2
3246,Молдагуловой,2
3247,Королёвского,2
3248,Катукова,2
3249,ресурсе,2
3250,Отхорды,2
3251,Отц,2
3252,МебельХим,2
3253,Объектом,2
3254,Отзыва,2
3255,конфиденциальнои,2
3256,Карточке,2
3257,Конфиденциально,2
3258,Менжинского,2
3259,Менеджмент,2
3260,Менеджерам,2
3261,своеи,2
3262,Обязательный,2
3263,Каржина,2
3264,КРАФТ,2
3265,комн,2
3266,Мемориал,2
3267,се,2
3268,Модератору,2
3269,Отврати,2
3270,Концерта,2
3271,Мелазма,2
3272,Отгрузки,2
3273,Карты,2
3274,Отделка,2
3275,сервером,2
3276,АвтоОлимп,2
3277,КЛАССА,2
3278,Объявление,2
3279,сервиса,2
3280,Аванпост,2
3281,ОтельКомплект,2
3282,классической,2
3283,Переводов,2
3284,Караша,2
3285,Красный,2
3286,Нашёл,2
3287,Лидеров,2
3288,АКОМ,2
3289,Кью,2
3290,Нева,2
3291,ат,2
3292,Кэшбэк,2
3293,Леший,2
3294,аналитики,2
3295,аналитика,2
3296,ых,2
3297,Лесная,2
3298,Лепель,2
3299,Подряду,2
3300,НАСТОЯЩАЯ,2
3301,Зенон,2
3302,Ленпипет,2
3303,экспресс,2
3305,Азбука,2
3306,Здоровье,2
3307,АК,2
3308,Азов,2
3309,Заявителя,2
3310,оф,2
3311,Невеста,2
3312,Курьером,2
3313,автоателье,2
3314,бота,2
3315,оператору,2
3316,Мэйл,2
3317,Купоны,2
3318,Кураторы,2
3319,Подарочную,2
3320,Мэнуфэкчуринг,2
3321,Поделиться,2
3322,Подкова,2
3323,осуществляющии,2
3324,шитья,2
3325,Подобные,2
3326,Подписка,2
3327,Ликон,2
3328,Литер,2
3329,Книжной,2
3330,Передавать,2
3331,бот,2
3332,Лисий,2
3333,Липецк,2
3334,шоп,2
3335,бо,2
3336,шпа,2
3337,Ковид,2
3338,Лимитед,2
3339,НИИ,2
3340,ЛАН,2
3341,Погребок,2
3342,Активацию,2
3343,Замовлень,2
3344,ЛИЧНОЙ,2
3345,Юристам,2
3346,Закупки,2
3347,Юридического,2
3348,Нанимателя,2
3349,Аксолотль,2
3350,Акт,2
3351,Помощи,2
3352,Актив,2
3353,Понедельник,2
3354,Юникс,2
3355,Записей,2
3356,Порталов,2
3357,Заказчиками,2
3358,Актом,2
3359,Поручения,2
3360,Заказной,2
3361,Порядком,2
3362,персональных,2
3363,Посететелю,2
3364,питание,2
3365,Посетителеи,2
3366,Накладная,2
3367,Запад,2
3368,Пользоватей,2
3369,Кокос,2
3370,Янтарь,2
3371,порталом,2
3372,або,2
3373,Застройщиков,2
3374,Научным,2
3375,Лендинге,2
3376,Политкающим,2
3377,Коласа,2
3378,ЛИСТОВ,2
3379,Яр,2
3380,Настоящую,2
3381,НаПоправку,2
3382,АГК,2
3383,Народов,2
3384,Леванта,2
3385,Колибрис,2
3386,Запросов,2
3387,Запорожская,2
3388,ЛИЦУ,2
3389,Аккаунты,2
3390,пользователем,2
3391,Получения,2
3392,ЛИЧНАЯ,2
3393,Пользавателя,2
3394,Навального,2
3395,Клубу,2
3396,Лист,2
3397,Компрессор,2
3398,тур,2
3399,Ломбардъ,2
3400,АСТРАХАНСКАЯ,2
3401,Писемский,2
3402,Письменная,2
3403,фамилия,2
3404,Логопед,2
3405,АНА,2
3406,Логистика,2
3407,Пит,2
3408,Кликаем,2
3409,Люкс,2
3410,врач,2
3411,Израиле,2
3412,Иджтимаи,2
3413,Крю,2
3414,Израиль,2
3415,Мульти,2
3416,вл,2
3417,Изображения,2
3418,Изменениями,2
3419,Комтэк,2
3420,гомеопатии,2
3421,Крик,2
3422,Петербург,2
3423,гостиница,2
3424,Новгородская,2
3425,КристЭл,2
3426,Компьютер,2
3427,города,2
3428,области,2
3429,МраморСтройМаш,2
3430,Ником,2
3431,Лоцман,2
3432,Издателю,2
3433,Пиксель,2
3434,Изготовителем,2
3435,Лоты,2
3436,Изменения,2
3437,Любои,2
3438,Ниссан,2
3439,Нетворкс,2
3440,Лучший,2
3441,Лёни,2
3442,Непреодолимой,2
3443,Перечне,2
3444,центра,2
3445,АЛЕКС,2
3446,Номенклатурой,2
3447,товары,2
3448,Перейти,2
3449,Лиценизару,2
3450,оператором,2
3451,ИНФОРМАЦИОННЫЕ,2
3452,Муслимун,2
3453,ИНТЕРНЕТУ,2
3454,Маар,2
3455,Передающая,2
3456,Неличные,2
3457,Нектар,2
3458,Красоте,2
3459,Мыландия,2
3460,ИНСПЕКЦИЕЙ,2
3461,Лицензиатов,2
3462,АКЦЕПТА,2
3463,Мускатель,2
3464,Иванычи,2
3465,Мультиаккаунта,2
3466,Кузов,2
3467,Моторика,2
3468,Конечный,2
3469,Конент,2
3470,нь,2
3471,Платежи,2
3472,Периода,2
3473,Платная,2
3474,Игрушек,2
3475,Адсенда,2
3476,повернення,1
3477,Федеральнымзаконом,1
3478,публ,1
3479,покупатель,1
3480,повноти,1
3481,Банку,1
3482,Банка,1
3483,Базовая,1
3484,рны,1
3485,Федеральными,1
3486,розб,1
3487,раздел,1
3488,Банкет,1
3489,проект,1
3490,проше,1
3491,Фейервекри,1
3492,розум,1
3493,пт,1
3494,Учителями,1
3495,производите,1
3496,Фемина,1
3497,Базовое,1
3498,покупц,1
3499,проставление,1
3500,рекламои,1
3501,ФЛП,1
3502,БашТехАвто,1
3503,Фанера,1
3504,Фарма,1
3505,Балансе,1
3506,правов,1
3507,Фарфор,1
3508,рефер,1
3509,размещения,1
3510,Балашиха,1
3511,Барклая,1
3512,Балт,1
3513,предложение,1
3514,Уютный,1
3515,правовых,1
3516,Автоателье,1
3517,Уязвимая,1
3518,Уязвимой,1
3519,раскрытие,1
3520,расположенный,1
3521,Уязвимую,1
3522,Фарти,1
3523,правообладатель,1
3524,ребенка,1
3525,регулю,1
3526,БалтФреза,1
3527,пречи,1
3528,программист,1
3529,Бахил,1
3530,помощью,1
3531,Бан,1
3532,Балхаш,1
3533,Автооптика,1
3534,ркви,1
3535,Автоматически,1
3536,Баклановский,1
3537,Факел,1
3538,Балтия,1
3539,Баренц,1
3540,ФАРМА,1
3541,Баланса,1
3542,рити,1
3543,последствий,1
3544,посредников,1
3545,почтои,1
3546,почты,1
3547,рецепты,1
3548,появившихся,1
3549,продажу,1
3550,Учётным,1
3551,Учётных,1
3552,Акты,1
3553,Уполномоченного,1
3554,руй,1
3555,фактический,1
3556,финансированию,1
3557,флейм,1
3558,хана,1
3559,хирург,1
3560,Турах,1
3561,хозяйственной,1
3562,хотите,1
3563,це,1
3564,Бонусами,1
3565,Бонусах,1
3566,центром,1
3567,Туполева,1
3568,цього,1
3569,частини,1
3570,частное,1
3571,чекбокса,1
3572,Бонусном,1
3573,человека,1
3574,числе,1
3575,чно,1
3576,шення,1
3577,Большинство,1
3578,успеха,1
3579,АвтоАларм,1
3580,услуги,1
3581,том,1
3582,трансформеры,1
3583,Тут,1
3584,требованиями,1
3585,Турфирма,1
3586,третьих,1
3587,тру,1
3588,Турс,1
3589,Боксберри,1
3590,Болгария,1
3591,уа,1
3592,убытков,1
3593,узел,1
3594,указанным,1
3595,улучшению,1
3596,умилостиви,1
3597,умовою,1
3598,Турне,1
3599,ус,1
3600,АНИМАЦИИ,1
3601,Туристов,1
3602,ши,1
3603,Бонусных,1
3604,школа,1
3605,шляхом,1
3606,Бригантина,1
3607,энтек,1
3608,Британи,1
3609,Тракбус,1
3610,Трак,1
3611,Травматолог,1
3612,ють,1
3613,явившии,1
3614,явити,1
3615,язання,1
3616,язань,1
3617,Торосова,1
3618,язковою,1
3619,Торговых,1
3620,язку,1
3621,як,1
3622,Торгового,1
3623,яких,1
3624,Торг,1
3625,якою,1
3626,якщо,1
3627,Бренды,1
3628,электроннои,1
3629,Трансперенси,1
3630,Третьи,1
3631,Трубопроводов,1
3632,шрифты,1
3633,Трофеями,1
3634,Тромбоз,1
3635,Трокот,1
3636,щи,1
3637,щодо,1
3638,Борсоева,1
3639,эквайера,1
3640,экстрапирамидных,1
3641,Транспорт,1
3642,Борясь,1
3643,Ботанический,1
3644,Брандмауэр,1
3645,Братск,1
3646,Братьев,1
3647,Браузер,1
3648,Брендами,1
3649,Транспортным,1
3650,Брендах,1
3651,товаросупров,1
3652,тобто,1
3653,Богодержавию,1
3654,содержащеи,1
3655,Бетта,1
3656,сервера,1
3657,БигСмоллШоп,1
3658,сервис,1
3659,БизнесПрограммы,1
3660,сервису,1
3661,Бизон,1
3662,система,1
3663,скан,1
3664,сл,1
3665,снаряжении,1
3666,Абоненте,1
3667,собаке,1
3668,собаководства,1
3669,Уролог,1
3670,собственнои,1
3671,Урманче,1
3672,совокупность,1
3673,согласен,1
3674,согласи,1
3675,Бион,1
3676,Бетон,1
3677,сервер,1
3678,Бест,1
3679,Участниках,1
3680,Училка,1
3681,Белгородской,1
3682,Учетная,1
3683,са,1
3684,Ученике,1
3685,сайтах,1
3686,Аватара,1
3687,сайты,1
3688,Бердичев,1
3689,Участниками,1
3690,Усово,1
3691,Беременная,1
3692,Берзарина,1
3693,салона,1
3694,Уточнить,1
3695,Утвержден,1
3696,Устройств,1
3697,Берковецька,1
3698,Успеха,1
3699,святой,1
3700,УралПром,1
3701,создание,1
3702,технологий,1
3703,сокращения,1
3704,Укарины,1
3705,субъекта,1
3706,субъектов,1
3707,Угловое,1
3708,Блинах,1
3709,Блогам,1
3710,супруге,1
3711,Блокировщиком,1
3712,Блюд,1
3713,УЛ,1
3714,УЗ,1
3715,так,1
3716,такои,1
3717,тами,1
3718,Тюнинга,1
3719,Бобры,1
3720,Тюнз,1
3721,Тюмень,1
3722,Тюильри,1
3723,Тэнэкс,1
3724,тельному,1
3725,Укладаючи,1
3726,сть,1
3727,Ул,1
3728,Битроник,1
3729,сообщение,1
3730,Управления,1
3731,сохрани,1
3732,специалисты,1
3733,Фен,1
3734,сподо,1
3735,Уничтожено,1
3736,ссылка,1
3737,Унитехника,1
3738,ссылкои,1
3739,Абаканский,1
3740,ст,1
3741,ствительныи,1
3742,Уник,1
3743,ствуют,1
3744,ствующему,1
3745,сторони,1
3746,УмТело,1
3747,Улыбки,1
3748,Улутай,1
3749,по,1
3750,Форумы,1
3751,плюс,1
3752,Ангарские,1
3753,Шервуд,1
3754,групп,1
3755,Шебекино,1
3757,грушелистная,1
3758,Шахтинский,1
3759,Шарфики,1
3760,Шарлик,1
3761,Адмирала,1
3762,дан,1
3763,даннои,1
3764,Шапки,1
3765,Админы,1
3766,Админситрацией,1
3767,Шанс,1
3768,детей,1
3769,Апекс,1
3770,деятельности,1
3771,Шабровский,1
3772,диагностического,1
3773,ЧуДетство,1
3774,дивижн,1
3775,Члену,1
3776,Аппарат,1
3777,димых,1
3778,ШинПро,1
3779,Антивирус,1
3780,грузоперевозчику,1
3781,Штормтруперов,1
3782,Английский,1
3783,Щелково,1
3784,Щаденко,1
3785,выгодоприобретателем,1
3786,выдан,1
3787,газина,1
3788,Шушары,1
3789,гарант,1
3790,Анепедия,1
3791,гастроэнтеролог,1
3792,Штурмовиков,1
3793,гос,1
3794,АнтеннаяСлужба,1
3795,Штабы,1
3796,гражданин,1
3797,Шоссе,1
3798,гражданско,1
3799,Шоппинг,1
3800,Шопбусин,1
3801,Анонимно,1
3802,грошових,1
3803,груз,1
3804,Ансалия,1
3805,Антариз,1
3806,Членам,1
3807,Аппарата,1
3808,Член,1
3809,Чемпион,1
3810,женщина,1
3811,Арбат,1
3812,Четаева,1
3813,жества,1
3814,жий,1
3815,жностей,1
3816,Арбитра,1
3817,журналист,1
3818,Арбитража,1
3819,Аренда,1
3820,Череповец,1
3821,заблокировала,1
3822,если,1
3823,заголовке,1
3824,зайчик,1
3825,Арендаторов,1
3826,Челиева,1
3827,Челбусс,1
3828,Арендодателям,1
3829,заполнении,1
3830,Чаты,1
3831,Частная,1
3832,зарегистрированного,1
3833,згодою,1
3834,Четко,1
3835,еси,1
3836,Администрированием,1
3837,договора,1
3838,Читать,1
3839,дистанц,1
3840,Читателям,1
3841,Апрель,1
3842,дних,1
3843,Априори,1
3844,дносини,1
3845,дных,1
3846,ЧипСклад,1
3847,догов,1
3848,Аптечное,1
3849,додаткова,1
3850,Администрациисайта,1
3851,должен,1
3852,должности,1
3853,домен,1
3854,доставити,1
3855,доставки,1
3856,доставц,1
3857,Чике,1
3858,дпов,1
3859,Чигиду,1
3860,древнейший,1
3861,дчить,1
3862,вступает,1
3863,время,1
3864,здоровья,1
3865,Аналитикс,1
3866,Ярекс,1
3867,Ярус,1
3868,Яхты,1
3869,Эльмаш,1
3870,Эльдорадо,1
3871,Эльба,1
3872,Аллерголог,1
3873,Алля,1
3874,ЭлитЭко,1
3875,Айтроник,1
3876,Элемент,1
3877,Айти,1
3878,администрациеи,1
3879,адыги,1
3880,Азия,1
3881,акцептуючи,1
3882,альма,1
3883,ам,1
3884,Электрон,1
3885,ан,1
3886,анализ,1
3887,аналитик,1
3888,Альпекс,1
3889,Электриков,1
3890,аргана,1
3891,Эмитенту,1
3892,ЯрТПП,1
3893,Академик,1
3894,Ягла,1
3895,Акцептируя,1
3896,Актуаль,1
3897,Юзерпика,1
3898,Активности,1
3899,Юниум,1
3900,Акционер,1
3901,Юридических,1
3902,Юридическое,1
3903,Эта,1
3904,Юристов,1
3905,Являясь,1
3906,Ягодный,1
3907,Алинтер,1
3908,Якутск,1
3909,Аккумуляторов,1
3910,Ямалспаса,1
3911,Акциях,1
3912,Энергомаш,1
3913,ЯндексМетрика,1
3914,Акварель,1
3915,Энерго,1
3916,Эндокринолог,1
3917,Яндексе,1
3918,Академический,1
3919,ассортиментом,1
3920,батыра,1
3921,безопасность,1
3922,вза,1
3923,будущему,1
3924,будь,1
3925,Эковтор,1
3926,ЭкоОбогрев,1
3927,бухгалтерские,1
3928,Адсенду,1
3929,быть,1
3930,ЭкоМама,1
3931,Амеланд,1
3932,вартост,1
3933,вести,1
3934,виконанням,1
3935,браузером,1
3936,використанням,1
3937,вимог,1
3938,Эдюсон,1
3939,вир,1
3940,виходячи,1
3941,владельца,1
3942,влю,1
3943,Адмиральский,1
3944,возврате,1
3945,возможностями,1
3946,вправе,1
3947,браузеру,1
3948,Адыгея,1
3949,Альпиноидов,1
3950,боголю,1
3951,безумовною,1
3952,билайн,1
3953,Экспромт,1
3954,Альсеп,1
3955,Альтернативной,1
3956,Эксперты,1
3957,биометрическими,1
3958,Экспертного,1
3959,бия,1
3960,благопотре,1
3961,бнем,1
3962,Экспедитору,1
3963,браузере,1
3964,богоуго,1
3965,Альфадент,1
3966,Альфас,1
3967,Экспедитор,1
3968,Экскурсия,1
3969,Альянс,1
3970,Амальгама,1
3971,ЭксЭл,1
3972,браго,1
3973,браузера,1
3974,Амаяма,1
3975,зд,1
3976,ЧЕЛЯБИНСК,1
3977,питанию,1
3978,метрика,1
3979,неналежне,1
3980,Форумом,1
3981,Форумами,1
3982,Форума,1
3983,Аффилированным,1
3984,Форси,1
3985,Автостиль,1
3986,ФорсТерм,1
3987,нетто,1
3988,ние,1
3989,ника,1
3990,Ахль,1
3991,Аякс,1
3992,ния,1
3993,номер,1
3994,нтернет,1
3995,нформац,1
3996,Формам,1
3997,Аят,1
3998,Форкс,1
3999,Фордевинд,1
4000,БАДы,1
4001,нього,1
4002,БАН,1
4003,обезличенных,1
4004,Акушер,1
4005,некомплекта,1
4006,Автоцентр,1
4007,Фотомагазину,1
4008,Фотоэксперт,1
4009,мно,1
4010,мо,1
4011,Фотофракшн,1
4012,можем,1
4013,можно,1
4014,Фотоработы,1
4015,Фотоработам,1
4016,Фотоматериала,1
4017,морозрахунк,1
4018,мужчинамКамни,1
4019,музыкальная,1
4020,незначну,1
4021,Автоцентру,1
4022,наи,1
4023,наличия,1
4024,Фотодоска,1
4025,не,1
4026,неагрессивен,1
4027,нев,1
4028,Фотобанк,1
4029,Фотоальбом,1
4030,неви,1
4031,невиконання,1
4032,обл,1
4033,Фондом,1
4034,Фонде,1
4035,парк,1
4036,ответственностью,1
4037,Авториг,1
4038,отношении,1
4039,отримав,1
4040,БОРОВИЧИ,1
4041,Баг,1
4042,оферти,1
4043,оформлен,1
4044,оформления,1
4045,охраняемые,1
4046,Автополис,1
4047,партнер,1
4048,отве,1
4049,Филиал,1
4050,партнеру,1
4051,Физических,1
4052,Физическими,1
4053,Физиологические,1
4054,перев,1
4055,Бажовский,1
4056,переговор,1
4057,передача,1
4058,персонализированных,1
4059,персональн,1
4060,ответственно,1
4061,Фитнесом,1
4062,обработка,1
4063,ограниченными,1
4064,Фонда,1
4065,обработке,1
4066,обслуживания,1
4067,Автостекло,1
4068,общество,1
4069,обязанностях,1
4070,Авторском,1
4071,Флорито,1
4072,БЕЗ,1
4074,ограниченной,1
4075,оздоровления,1
4076,Фишт,1
4077,Авторизуясь,1
4078,оператор,1
4079,Флеш,1
4080,Флексо,1
4081,операций,1
4082,организациям,1
4083,органы,1
4084,оставляет,1
4085,Флебо,1
4086,от,1
4087,Флагом,1
4088,Фрайдей,1
4089,мессенджеров,1
4090,ЧАСТЬ,1
4091,мер,1
4092,кабинет,1
4093,Хэштеги,1
4094,кардиолог,1
4095,кац,1
4096,Хутор,1
4097,качества,1
4098,Художников,1
4099,Хуа,1
4100,Хрустальногорский,1
4101,Хрустальная,1
4102,кл,1
4103,Хромис,1
4104,клиента,1
4105,Хризолитовый,1
4106,Хранит,1
4107,клиентов,1
4108,климат,1
4109,клининга,1
4110,Храни,1
4111,Административно,1
4112,Хочу,1
4113,ХоумДистиллер,1
4114,коммерческое,1
4115,коммерческои,1
4116,Архиву,1
4117,ка,1
4118,Царство,1
4119,Артель,1
4120,Администраторам,1
4121,Ариев,1
4122,зрозум,1
4123,иде,1
4124,Церковью,1
4125,именова,1
4126,Цены,1
4127,имя,1
4128,Администраторами,1
4129,Цену,1
4130,Аркон,1
4131,Центральный,1
4132,Централ,1
4133,Це,1
4134,использовать,1
4135,Ароматов,1
4136,Ценностей,1
4137,Целям,1
4138,Арсенал,1
4139,Целинной,1
4140,источниках,1
4141,йних,1
4142,йно,1
4143,АртБьюти,1
4144,АртГрин,1
4145,Архитектора,1
4146,компаниеи,1
4147,Хорошо,1
4148,Адвокатов,1
4149,лицу,1
4150,Хаг,1
4151,Хабаровские,1
4152,Адес,1
4153,логинов,1
4154,Атырау,1
4155,ХАР,1
4156,логином,1
4157,Адгезивы,1
4158,лофт,1
4159,Аудит,1
4160,магазинам,1
4161,листом,1
4162,мажором,1
4163,Функционал,1
4164,Фундамент,1
4165,матер,1
4166,матчевых,1
4167,Аукцион,1
4168,Фуксия,1
4169,маячки,1
4170,Фрейт,1
4171,медиа,1
4172,Ауэзова,1
4173,лит,1
4174,лисичка,1
4175,комплекса,1
4176,кошт,1
4177,комплектац,1
4178,конкретнои,1
4179,Астерра,1
4180,Холл,1
4181,коппи,1
4182,Хозяин,1
4183,которой,1
4184,Хозтовары,1
4185,Хозмаркет,1
4186,которуюполучаети,1
4187,которые,1
4188,Хобби,1
4189,линк,1
4190,Астрология,1
4191,кругу,1
4192,Хина,1
4193,Администация,1
4194,кулинарные,1
4195,куст,1
4196,лей,1
4197,ли,1
4198,либо,1
4199,лий,1
4200,лим,1
4201,Бронированием,1
4202,Лавочкина,1
4203,Томилино,1
4204,ПДн,1
4205,Исполнения,1
4206,ПЕСОЧНОЙ,1
4207,ПЕТЕРБУРГ,1
4208,ПЛЕЧЕВОЙ,1
4209,АВ,1
4210,Исатая,1
4211,Иркшоп,1
4212,Информационным,1
4213,Информационной,1
4214,ПОРТАЛУ,1
4215,ИнформацииПользователя,1
4216,ПОЯСНЕНИЕ,1
4217,Иную,1
4218,Интернетсайт,1
4219,Интерм,1
4220,ПЕРСОНАЛЬНОЙ,1
4221,Очистка,1
4222,Интерент,1
4223,Офтальмолог,1
4224,Откуда,1
4225,Отправителя,1
4226,Итого,1
4227,Итнернет,1
4228,Исцеляющий,1
4229,Исходя,1
4230,Отчета,1
4231,Исправление,1
4232,Испонителя,1
4233,Офертои,1
4234,Исполнители,1
4235,Офиса,1
4236,Офицера,1
4237,Офлайн,1
4238,Оформив,1
4239,ПРИМЕНЯЕМЫХ,1
4240,Интерактивных,1
4241,Открываем,1
4242,Инженер,1
4243,Партнёре,1
4244,Индексис,1
4245,Парты,1
4246,Парфюм,1
4247,Патиссоны,1
4248,Пацаева,1
4249,Пациента,1
4250,Педагогический,1
4251,Имени,1
4252,Пергола,1
4253,Имарат,1
4254,Перевозчикам,1
4255,Ильмурзино,1
4256,Перегон,1
4257,Передача,1
4258,Индиада,1
4259,Инициаторов,1
4260,Интерактивному,1
4261,Партизана,1
4262,Павелецкая,1
4263,Пазл,1
4264,Пазлы,1
4265,Пакеты,1
4266,Пансионат,1
4267,ИнтерСервис,1
4268,Интеллектуальная,1
4269,Пара,1
4270,Париматч,1
4271,Инструменты,1
4272,Институту,1
4273,Институт,1
4274,Паркета,1
4275,Парнас,1
4276,Пароле,1
4277,Открытая,1
4278,Отключите,1
4279,Жалюзи,1
4280,Омск,1
4281,Капча,1
4282,Капища,1
4283,Опалихинской,1
4284,Операторами,1
4285,Операторможет,1
4286,Кандидата,1
4287,Кандагар,1
4288,ОператоруПД,1
4289,Операторукакой,1
4290,Каммаева,1
4291,Опмир,1
4292,Каминск,1
4293,Камено,1
4294,Опто,1
4295,Опции,1
4296,Кар,1
4297,Карандаш,1
4298,Организаиции,1
4299,Окончила,1
4300,Кариатида,1
4301,Обязательства,1
4302,Огнеупорщиков,1
4303,Огни,1
4304,Огород,1
4305,Ограничения,1
4306,Ограниченного,1
4307,Ограниченной,1
4308,Карго,1
4309,Одноразовым,1
4310,Озвучивать,1
4311,Ознакомлением,1
4312,Означает,1
4313,Карасеозерский,1
4314,Оконная,1
4315,Оранж,1
4316,Калмыцкое,1
4317,Откликнуться,1
4318,Остеопат,1
4319,Островцы,1
4320,КСКаменка,1
4321,КРУГОЗОР,1
4322,Ответственному,1
4323,Ответу,1
4324,КМ,1
4325,Отгрузка,1
4326,КЛУБА,1
4327,Отдых,1
4328,Отеле,1
4329,Июльский,1
4330,Ищу,1
4331,Отзыв,1
4332,Отказ,1
4333,Отказе,1
4334,Островкого,1
4335,Оставьте,1
4336,Калининград,1
4337,Оставить,1
4338,Калибр,1
4339,Календарь,1
4340,Организацией,1
4341,Каков,1
4342,Каким,1
4343,Организациями,1
4344,Органик,1
4345,Казань,1
4346,Оринг,1
4347,Каждое,1
4348,Ортопед,1
4349,Осведомлён,1
4350,Основ,1
4351,Кавказ,1
4352,Оста,1
4353,Ильинское,1
4354,Икона,1
4355,Перезвоните,1
4356,Полов,1
4357,Полония,1
4358,Полоса,1
4359,Зарегистрированные,1
4360,Получатели,1
4361,Запрещается,1
4362,Заполнив,1
4363,Полученные,1
4364,Пользовалель,1
4365,Пользовате,1
4366,Пользоватедлем,1
4367,Заплатить,1
4368,Записи,1
4369,Пользователейограничена,1
4370,Записаться,1
4371,Заметили,1
4372,Положениями,1
4373,Полностью,1
4374,Пользовательского,1
4375,Зарегистрированными,1
4376,Звезда,1
4377,Заявлением,1
4378,Заявление,1
4379,Заявке,1
4380,Заявка,1
4381,Полесье,1
4382,Заявитель,1
4383,Зашита,1
4384,Застройщиком,1
4385,Застройщикам,1
4386,Застройщик,1
4387,ПолитикиМы,1
4388,Заряжено,1
4389,Заречье,1
4390,Зарегистрировано,1
4391,Пользовательским,1
4392,Пользовательское,1
4393,Переходникова,1
4394,Задайте,1
4395,Загальн,1
4396,Завучем,1
4397,Завод,1
4398,Посещают,1
4399,Посланников,1
4400,Жюри,1
4401,Журнала,1
4402,Постер,1
4403,ПостройБаню,1
4404,Журавленок,1
4405,Живое,1
4406,Живого,1
4407,Жертователь,1
4408,Потребителям,1
4409,Потребителями,1
4410,Загорянский,1
4411,Зайти,1
4412,Залка,1
4413,Заказах,1
4414,Закрытые,1
4415,Закрытого,1
4416,ПользователяФамилия,1
4417,Законодательству,1
4418,Законе,1
4419,Законами,1
4420,Пользоватею,1
4421,Закона,1
4422,Поняття,1
4423,Поратал,1
4424,Закон,1
4425,Закамье,1
4426,Портале,1
4427,Заказчка,1
4428,Портфолио,1
4429,Покупка,1
4430,Здоровое,1
4431,Здравторг,1
4432,Письменное,1
4433,Питомец,1
4434,Питомце,1
4435,Пишите,1
4436,Пк,1
4437,Идентификаторы,1
4438,Планетология,1
4439,Идеально,1
4440,Платеж,1
4441,Платеже,1
4442,Платежей,1
4443,Игромания,1
4444,Игрока,1
4445,ИвановоКидс,1
4446,Площадка,1
4447,Площадкой,1
4448,Письмо,1
4449,Пирамиды,1
4450,Зелени,1
4451,ИжКомСтанко,1
4452,Персик,1
4453,Персона,1
4454,Персональною,1
4455,Персональныеданные,1
4456,Персонифицированный,1
4457,Пескарь,1
4458,Песковская,1
4459,Изданием,1
4460,Петерхост,1
4461,Петон,1
4462,Петралайн,1
4463,Печная,1
4464,Издал,1
4465,Пиапи,1
4466,Избранное,1
4467,Площадку,1
4468,ИСПОЛЬЗОВАНИЕ,1
4469,ИСПДн,1
4470,Плюса,1
4471,Подряд,1
4472,Подрядчика,1
4473,Подрядчиком,1
4474,Подтверждаю,1
4475,Подтверждения,1
4476,Подъем,1
4477,Пожаловаться,1
4478,Позвоните,1
4479,Знамя,1
4480,Знакомств,1
4481,Знай,1
4482,Поинтером,1
4483,Поиск,1
4484,Покупай,1
4485,Землячки,1
4486,Подпишусь,1
4487,Подпишитесь,1
4488,Золотопроект,1
4489,Подарочного,1
4490,Плюсу,1
4491,Пневмоприводы,1
4492,Поверенному,1
4493,Погода,1
4494,ИМПЕРИАЛ,1
4495,Подари,1
4496,Подарочной,1
4497,Подписчиков,1
4498,Поддержкой,1
4499,ИЗМЕНЕНИЕ,1
4500,Зостудии,1
4501,Зоостудия,1
4502,Подписку,1
4503,Зоостудии,1
4504,Обязан,1
4505,Карусель,1
4506,Объемы,1
4507,Максилан,1
4508,Кр,1
4509,Малоэтажной,1
4510,Мамазин,1
4511,Мангал,1
4512,Манли,1
4513,Мантуллинская,1
4514,Котлас,1
4515,Космонавтов,1
4516,Маркете,1
4517,Маркетинговая,1
4518,Марушкино,1
4519,Космодемьянской,1
4520,Масленка,1
4521,Массаж,1
4522,Массовой,1
4523,Максимум,1
4524,Макро,1
4525,Косметикс,1
4526,Майкрософт,1
4527,МГ,1
4528,Крепеж,1
4529,Кремлевским,1
4530,МОДЕЛЛИСИМО,1
4531,Кредитометр,1
4532,МП,1
4533,Кредитов,1
4534,Кредит,1
4535,Красное,1
4536,Магистраль,1
4537,Краснодар,1
4538,Маджлисуль,1
4539,Краскофф,1
4540,Мазда,1
4541,Майкоп,1
4542,Мастера,1
4543,Масштаб,1
4544,Контролёр,1
4545,Копирайт,1
4546,Конюшенная,1
4547,Медпартнёр,1
4548,Медцентром,1
4549,Международном,1
4550,Концепцией,1
4551,Концепт,1
4552,Мекка,1
4553,Мелиот,1
4554,Мельковский,1
4555,Конфиденциальную,1
4556,Менеджера,1
4557,Меридиан,1
4558,Конфигуратору,1
4559,Мероприятию,1
4560,Мерпаса,1
4561,Медицина,1
4562,Медеир,1
4563,Мат,1
4564,МедТочка,1
4565,Мате,1
4566,Корсар,1
4567,Корпорация,1
4568,Короткометражные,1
4570,Машиностроитель,1
4571,Коротко,1
4572,Мега,1
4573,Мегагруп,1
4574,Мегалинк,1
4575,Мегатренд,1
4576,МедЛайф,1
4577,МедЛок,1
4578,МедОтвет,1
4579,МедСервис,1
4580,Люсиновская,1
4581,Людоедами,1
4582,Любым,1
4583,ЛВ,1
4584,Ленинская,1
4585,Ленинский,1
4586,Лепи,1
4587,Лечебный,1
4588,Либкнехта,1
4589,Ливерпуль,1
4590,Лигнум,1
4591,Курьерской,1
4592,Курсу,1
4593,Линия,1
4594,Линкануть,1
4595,Липопродактс,1
4596,Лиственница,1
4597,Курса,1
4598,Лицами,1
4599,Ленинград,1
4600,ЛЕГАЛ,1
4601,Креста,1
4602,Лед,1
4603,Ладья,1
4604,Лаборатория,1
4605,Лабиринт,1
4606,Лайн,1
4607,Лаб,1
4608,ЛИЧНЫЕ,1
4609,Ламер,1
4610,ЛанТрейд,1
4611,Ландшафты,1
4612,Лансье,1
4613,Ласир,1
4614,Левел,1
4615,ЛИЦАМ,1
4616,Легионы,1
4617,Легкое,1
4618,Курс,1
4619,Лицевому,1
4620,Купонов,1
4621,Лицензиате,1
4622,Крым,1
4623,Крыловъ,1
4624,Лопнувшая,1
4625,Крокус,1
4626,Лоте,1
4627,Лофт,1
4628,Лояльности,1
4629,Лужники,1
4630,Луч,1
4631,Крикет,1
4632,Лучших,1
4633,Любая,1
4634,Люберцы,1
4635,Любимого,1
4636,Крестьянина,1
4637,Лодка,1
4638,Логопакет,1
4639,Ксантис,1
4640,Кузьмолово,1
4641,Купе,1
4642,Культуры,1
4643,Лицензий,1
4644,Лицензию,1
4645,Кулон,1
4646,Кукисы,1
4647,Личную,1
4648,Кудрово,1
4649,Кузнечный,1
4650,Кузнецы,1
4651,Кузнецк,1
4652,Ловец,1
4653,Ловушка,1
4654,Лог,1
4655,Мерчандайзинг,1
4656,Мечеть,1
4657,Кассир,1
4658,Независимых,1
4659,Неон,1
4660,Непознанное,1
4661,Нередко,1
4662,НерудБетон,1
4663,Несовершеннолетних,1
4664,Клоны,1
4665,Нижегородская,1
4666,Нижеследующая,1
4667,Никакие,1
4668,Клиниками,1
4669,Клиентской,1
4670,Нобеля,1
4671,Новаторов,1
4672,Новая,1
4673,Новгород,1
4674,Ключом,1
4675,Независимым,1
4676,Новинки,1
4677,Недоступен,1
4678,Кокшетау,1
4679,Натфлора,1
4680,Научные,1
4681,Научных,1
4682,Находка,1
4683,Кода,1
4684,Наша,1
4685,Код,1
4686,Ковчег,1
4687,Коврик,1
4688,Не,1
4689,Князевская,1
4690,Клён,1
4691,Недействительным,1
4692,Недопущения,1
4693,Новел,1
4694,Новокольцовский,1
4695,Ми,1
4696,ОРГН,1
4697,Ки,1
4698,Кеш,1
4699,ОТЗЫВ,1
4700,Кето,1
4701,Областной,1
4702,Обмен,1
4703,Обновлено,1
4704,Обо,1
4705,Керамикой,1
4706,Квантор,1
4707,Обработчик,1
4708,Кашириных,1
4709,Общедоступной,1
4710,Катера,1
4711,Категорически,1
4712,КиберЛенинкой,1
4713,Киквидзе,1
4714,Новосвердловской,1
4715,Кино,1
4716,Новосибирскэкспресс,1
4717,Клиентских,1
4718,Клео,1
4719,Клевер,1
4720,Номере,1
4721,Номинала,1
4722,Норд,1
4723,Классы,1
4724,Классика,1
4725,Нумизмат,1
4726,Нэттюнинг,1
4727,Клановое,1
4728,Клавишах,1
4729,ОГРИП,1
4730,Кинотеатром,1
4731,Настоящее,1
4732,Настоящего,1
4733,Колеса,1
4734,Молодежи,1
4735,Консультанта,1
4736,Конструктор,1
4737,Монтаж,1
4738,МонтеКристо,1
4739,Морген,1
4740,Мордовник,1
4741,Море,1
4742,Консилиум,1
4743,МосБур,1
4744,Моск,1
4745,Конкурсы,1
4746,Моснапитки,1
4747,Мосрентген,1
4748,МотоСфера,1
4749,Комьюнити,1
4750,Молспорт,1
4751,Консультанты,1
4752,Наряд,1
4753,Модерацию,1
4754,Мизантропик,1
4755,Микрозаймы,1
4756,Контролирующие,1
4757,Минералов,1
4758,Минибас,1
4759,Мирмамеда,1
4760,Михалыч,1
4761,Мной,1
4762,Мобильные,1
4763,Мода,1
4764,Контактах,1
4765,Контагиозный,1
4766,Консультация,1
4767,Консультацию,1
4768,Модерации,1
4769,Мощная,1
4770,Компьютеры,1
4771,Компьютерры,1
4772,Комплектация,1
4773,Набора,1
4774,Команией,1
4775,Надежность,1
4776,Нажав,1
4777,Название,1
4778,Названием,1
4779,Коломяжский,1
4780,Наки,1
4781,Налоговым,1
4782,Нальчик,1
4783,Коллегию,1
4784,Коллегии,1
4785,Напиткишоп,1
4786,Количество,1
4787,Напоминаем,1
4788,Набережный,1
4789,Комиссию,1
4790,Комиссия,1
4791,Компанииможет,1
4792,Музея,1
4793,Музторг,1
4794,Комплект,1
4795,Комплекс,1
4796,Муромских,1
4797,Мыски,1
4798,Мюнц,1
4799,НИК,1
4800,Мясничий,1
4801,Компа,1
4802,Коммерсант,1
4803,НГ,1
4804,НЕРПЦ,1
4805,Комментариями,1
4806,Желаемая,1
4807,Ещё,1
4808,Тольятти,1
4809,Собираем,1
4810,Востоксантехмонтаж,1
4811,Совокупные,1
4812,Современник,1
4813,Современные,1
4814,Восток,1
4815,Ворсма,1
4816,Согласий,1
4817,Соглашаюсь,1
4818,Соглашаясь,1
4819,Вопросу,1
4820,Вопросам,1
4821,Вопроса,1
4822,Вольный,1
4823,Волоть,1
4824,Волна,1
4825,Событиях,1
4826,Вотсапнуть,1
4827,Волжский,1
4828,Снабторг,1
4829,Скупаем,1
4830,Выгодоприобретатель,1
4831,Слайков,1
4832,Вывод,1
4833,Слово,1
4834,Выбор,1
4835,Вторая,1
4836,Смайл,1
4837,Всяко,1
4838,Смежном,1
4839,Смешанный,1
4840,Смог,1
4841,Времена,1
4842,Смоленскотель,1
4843,Смотрите,1
4844,Содержанию,1
4845,Содержимому,1
4846,Скульптор,1
4847,Составление,1
4848,Сотрудниками,1
4849,Внимание,1
4850,Внеплановое,1
4851,Вместе,1
4852,Владикавказ,1
4853,Социальных,1
4854,Соционика,1
4855,Союзе,1
4856,Владельцы,1
4857,Спам,1
4858,Спамом,1
4859,Спасителя,1
4860,СпеТех,1
4861,Владельце,1
4862,Спецдемонтажсервис,1
4863,Сотрудника,1
4864,Сорта,1
4865,Волгоградский,1
4866,Сопровождающие,1
4867,Создан,1
4868,Создание,1
4869,Соискателе,1
4870,Волгоград,1
4871,Сокровища,1
4872,Сокровище,1
4873,Сокрытое,1
4874,Солав,1
4875,Солджерс,1
4876,Солнышко,1
4877,Соловьи,1
4878,Возврате,1
4879,Соната,1
4880,Возврата,1
4881,Водителя,1
4882,Скульптора,1
4883,Скриншоты,1
4884,Ессентукская,1
4885,Свердловской,1
4886,Светлица,1
4887,Своя,1
4888,Свяжитесь,1
4889,Гармония,1
4890,Святые,1
4891,Сделано,1
4892,Сделать,1
4893,Гарантируем,1
4894,СеалАвто,1
4895,Ганино,1
4896,Сега,1
4897,Сего,1
4898,Сейлс,1
4901,Гатчинское,1
4902,Сведениями,1
4903,Семейной,1
4904,Сбором,1
4905,Гете,1
4906,Лаго,1
4907,Санаторий,1
4908,Санатория,1
4909,Санацин,1
4910,Санитар,1
4911,Санк,1
4912,Санкт,1
4913,СантехМомент,1
4914,Сапфир,1
4915,Генплана,1
4916,Сауна,1
4917,СбербанкБизнес,1
4918,Сбор,1
4919,Сборку,1
4920,Семей,1
4921,Серверов,1
4922,Сколько,1
4923,Сибиряк,1
4924,Выполнения,1
4925,Силиконовые,1
4926,Силс,1
4927,Симпатика,1
4928,Синара,1
4929,Синергия,1
4930,Сириус,1
4931,Система,1
4932,Выкл,1
4933,Выдачи,1
4934,Сказы,1
4935,Скачиваем,1
4936,Скачивание,1
4937,Скважин,1
4938,Скифской,1
4939,Сигма,1
4940,Выражая,1
4941,Галереи,1
4942,Сибакадемстрой,1
4943,Газеты,1
4944,Газетой,1
4945,Сервисные,1
4946,Сервисова,1
4947,Сервисторг,1
4948,ГТРК,1
4949,Серебра,1
4950,Серия,1
4951,Серпух,1
4952,Серсисом,1
4953,ГЛАВА,1
4954,Сертификаты,1
4955,Сеть,1
4956,Выслать,1
4957,Сиам,1
4958,Спецзаказ,1
4959,Специалист,1
4960,Специалистами,1
4961,Тату,1
4962,Тауэр,1
4963,Твоему,1
4964,Театральный,1
4965,ВЛК,1
4966,Театру,1
4967,Текс,1
4968,ВИСТ,1
4969,Текстовых,1
4970,ТелеСистемы,1
4971,Телеком,1
4972,Телефону,1
4973,Телуша,1
4974,ВЕБ,1
4975,Тепла,1
4976,Тепломаш,1
4977,Таурус,1
4979,Тер,1
4981,ТЕРМИНЫ,1
4983,Вартекс,1
4984,Ваниль,1
4985,ТРЕТЬИМ,1
4986,Таблиги,1
4988,Тайм,1
4989,Таман,1
4990,Вак,1
4991,Тарифами,1
4992,Тарифах,1
4993,Тарифным,1
4994,Тарифу,1
4995,Тарра,1
4996,ВБПиЭ,1
4997,ТерПак,1
4998,Специалисте,1
4999,Тибет,1
5000,Тимохово,1
5001,Тинт,1
5002,Титан,1
5003,ТканиМикс,1
5004,Тля,1
5005,Бурятия,1
5006,Буркит,1
5007,ТоварахУслугах,1
5008,ТовареУслугах,1
5009,Товариществом,1
5010,Товарных,1
5011,Букет,1
5012,Буи,1
5013,Будь,1
5014,Будущеее,1
5015,Тиго,1
5016,Бустерами,1
5017,Терминала,1
5018,Техпласт,1
5019,Термоиндикаторы,1
5020,Территорию,1
5021,ВАШИМ,1
5022,Бюджетные,1
5023,Технолидер,1
5024,Бытовка,1
5025,Бъюти,1
5026,Технология,1
5027,Бухловка,1
5028,Техномакс,1
5029,Технопарк,1
5030,Технопро,1
5031,Бухгалтерских,1
5032,Буфф,1
5033,Бутлерова,1
5034,Сэлфи,1
5035,Сыктывкар,1
5036,Счету,1
5037,Визы,1
5038,Становлянка,1
5039,Стань,1
5040,Видное,1
5041,Виджетов,1
5042,Виджет,1
5043,Стеклосфера,1
5044,СтендыВу,1
5045,Стенс,1
5046,Стерлитамак,1
5047,Видео,1
5048,Стимбифид,1
5049,Стимул,1
5050,Стоматолог,1
5051,Вид,1
5052,Стора,1
5053,Станко,1
5054,Стайл,1
5055,Счет,1
5056,Стаж,1
5057,Спецификой,1
5058,Спецконтейнер,1
5059,Спикерами,1
5060,Витапром,1
5061,Спортивно,1
5062,Способ,1
5063,Справочная,1
5064,Справочник,1
5065,Справочникам,1
5066,Вино,1
5067,Спящий,1
5068,Средством,1
5069,Ссылка,1
5070,Ссылку,1
5071,Використан,1
5072,Виакадемия,1
5073,Виакадемией,1
5074,Виа,1
5075,Взгляните,1
5076,Верфарм,1
5077,Стройлес,1
5078,Вернуть,1
5079,Сублимированная,1
5080,ВелоСклад,1
5081,Велнес,1
5082,Век,1
5083,Веды,1
5084,Вега,1
5085,Вебстраниц,1
5086,Вебсан,1
5087,Судя,1
5088,Ввести,1
5089,Вашеи,1
5090,Счастье,1
5091,СтройЕка,1
5092,СтройДизайн,1
5093,Веси,1
5094,Вечерний,1
5095,Стра,1
5096,Вещей,1
5097,Страницу,1
5098,Страницы,1
5099,Страны,1
5100,Стратегическим,1
5101,Ветзвероцентр,1
5102,Строим,1
5103,Страховние,1
5104,Ветераны,1
5106,Стрейч,1
5107,Весов,1
5108,Стрелок,1
5109,Самозанятого,1
5110,Самозанятая,1
5111,Гибкий,1
5112,ПромАльп,1
5113,Днт,1
5114,Промтехинвест,1
5115,Промтехом,1
5116,Пропертиз,1
5117,Пропионикс,1
5118,Просмотра,1
5119,ДмитрийФамилия,1
5120,Проспект,1
5121,Дитекс,1
5122,Дистрибьюторы,1
5123,Простой,1
5124,Пространстве,1
5125,Протэкт,1
5126,Дистрибьюторам,1
5127,ПрофБэнкинг,1
5128,ПромРесурс,1
5129,Пролетарский,1
5130,Профгигиена,1
5131,Прокате,1
5132,Домен,1
5133,ДомБыт,1
5134,Должность,1
5135,Долгопрудный,1
5136,Продукты,1
5137,Документами,1
5138,ДокДок,1
5139,Док,1
5140,Производителей,1
5141,Производитель,1
5142,Дозаторы,1
5143,Производителях,1
5144,Доверенности,1
5145,Доверенному,1
5146,Добрыня,1
5147,Профайла,1
5148,ПрофиСтафф,1
5149,Разделу,1
5150,Пулау,1
5151,Путём,1
5152,Диктора,1
5153,Диктор,1
5154,Пяозерский,1
5155,Дикси,1
5156,Дизайнерам,1
5157,РБточкаРУ,1
5158,Дивижн,1
5159,РПРАЭП,1
5160,Джоггеры,1
5161,Работодателе,1
5162,Работодателями,1
5163,Рабэкс,1
5164,Радуга,1
5165,Развилка,1
5166,Пункты,1
5167,Публичным,1
5168,Профилем,1
5169,Публиковаться,1
5170,Дисковка,1
5171,Директором,1
5172,Профнастил,1
5173,Профпанель,1
5174,Процедура,1
5175,Психиатр,1
5176,Директива,1
5177,Психологии,1
5178,Динамо,1
5179,Дилеры,1
5180,Дилером,1
5181,ПсорМак,1
5182,Дилерам,1
5183,Птицефабрика,1
5184,Публикацией,1
5185,Продвижение,1
5186,Домов,1
5187,Дополнительную,1
5188,Еврошторы,1
5189,Предоставленная,1
5190,Предоставлены,1
5191,Предоставлять,1
5192,Предпочтения,1
5193,Европлантерс,1
5194,Евромед,1
5195,Евраз,1
5196,Председателя,1
5197,ЕГО,1
5198,Представителям,1
5199,Президентом,1
5200,Прейскуранта,1
5201,Премиум,1
5202,Преподаватели,1
5203,ПрессДизайн,1
5204,Еврохимчистка,1
5205,Предоплата,1
5206,Дополнительными,1
5207,Предметом,1
5209,Правильный,1
5211,Правовым,1
5212,Елецводоканал,1
5213,Екатеринбурга,1
5214,Ездового,1
5215,Ежевика,1
5216,Еда,1
5217,Правообладателями,1
5218,Предзаказ,1
5219,Предзаказа,1
5220,Предзаказах,1
5221,Предзаказы,1
5222,Предложению,1
5223,Прибытие,1
5224,Приведем,1
5225,Привилегий,1
5226,Привилегированной,1
5227,Принципалов,1
5228,Принятие,1
5229,Принятием,1
5230,Друг,1
5231,Приобретателям,1
5232,Присоединяясь,1
5233,Причесочки,1
5234,Провайдера,1
5235,Проверка,1
5236,Проводником,1
5237,Доступно,1
5238,Достоевская,1
5239,Доставщиках,1
5240,Доставщик,1
5241,Доставке,1
5242,Принты,1
5243,Принтом,1
5244,Другое,1
5245,Приказов,1
5246,Привилегиями,1
5247,Приемка,1
5248,Призрак,1
5249,Приисковый,1
5250,Прийняття,1
5251,Приказ,1
5252,Дэмис,1
5253,Другую,1
5254,Приложение,1
5255,Дыбенко,1
5256,Приложению,1
5257,Приложениям,1
5258,Думаете,1
5259,Дублирующие,1
5260,Джебхат,1
5261,Разделы,1
5262,Сальск,1
5263,Рич,1
5264,Роботоведа,1
5265,ДСН,1
5266,Родители,1
5267,Родонитовой,1
5268,Рождения,1
5269,Роликс,1
5270,Ромашкино,1
5271,РосГрузоПеревозки,1
5272,РосСпецТехника,1
5273,России,1
5274,Российскими,1
5275,Российских,1
5276,Гутен,1
5277,Гуси,1
5278,Россия,1
5279,Роблячи,1
5280,ДЦ,1
5281,Грэта,1
5282,ДаНет,1
5283,Ресторан,1
5284,Датой,1
5285,Дас,1
5287,Дантон,1
5288,Дамы,1
5289,Ретаргетинг,1
5290,Ретейл,1
5291,Ретерма,1
5292,Рефералов,1
5293,Даджет,1
5294,Давай,1
5295,Решили,1
5296,Ригонда,1
5297,Рид,1
5298,Губаха,1
5299,Росфрезер,1
5300,Джангильдина,1
5301,Гостиничным,1
5302,СПИК,1
5303,Горячей,1
5304,СТОРОН,1
5305,Горнозаводск,1
5306,Голубым,1
5307,Голубино,1
5308,Голодриги,1
5309,Сайтас,1
5310,Гнездниковский,1
5311,Сайтедистанционным,1
5312,Сайти,1
5313,Главспец,1
5314,Гилатерм,1
5315,Гикер,1
5316,Салтыковка,1
5317,Господь,1
5318,Гостям,1
5319,Роутеры,1
5320,Готовить,1
5321,РтиИваз,1
5322,Рубеж,1
5323,Рубикон,1
5324,Рублевское,1
5325,Грунтовиком,1
5326,Грузоперевозчиком,1
5327,Рукодельные,1
5328,Грузоотправителя,1
5329,РусСлад,1
5330,Грузооперевозчика,1
5331,Рушена,1
5332,Рэдиус,1
5333,Грата,1
5334,Грастин,1
5335,ГрОКА,1
5336,Датревел,1
5337,Рерайтинг,1
5338,Дату,1
5339,Распространенных,1
5340,Рассчитайте,1
5341,Детского,1
5342,Растений,1
5343,Расторгуевъ,1
5344,Расч,1
5345,Расческа,1
5346,Расширение,1
5347,Рафтур,1
5348,Ре,1
5349,Детка,1
5350,Реалэкспорт,1
5351,Рег,1
5352,Дерматовенеролог,1
5353,Деньги,1
5354,ДенталАрт,1
5355,Расскажем,1
5356,Распространение,1
5357,Репорталом,1
5358,Распорядителя,1
5359,Размещением,1
5360,Размещению,1
5361,Разно,1
5362,Разнообразие,1
5363,Разработчика,1
5364,Разработчикам,1
5365,Райнвальд,1
5366,Рамбах,1
5367,Рамблер,1
5368,Джамаат,1
5369,Деятельности,1
5370,Рапакс,1
5371,Распорядителей,1
5372,Распорядителем,1
5373,Распорядителю,1
5374,Регистрационную,1
5375,Демидовский,1
5376,Дельтаплан,1
5377,Регистрируясь,1
5378,Девино,1
5379,Деан,1
5380,Деалан,1
5381,Двужильного,1
5382,Рекон,1
5383,Релакса,1
5384,Ремаркетинг,1
5385,Ремас,1
5386,Ремо,1
5387,Даче,1
5388,Рензачи,1
5389,Репетиторам,1
5390,Реплики,1
5391,Репортаж,1
5392,Даты,1
5393,Дежурный,1
5394,Дезстанция,1
5395,Рекламно,1
5396,Делекс,1
5397,Дельта,1
5398,Регулирующие,1
5399,Регуляторов,1
5400,Ред,1
5401,Редактировать,1
5402,Деливери,1
5403,Делая,1
5404,Дейнеки,1
5405,Режиссёр,1
5406,Режу,1
5407,Резиденция,1
5408,Декаданс,1
5409,Действующую,1
5410,Реклама,1
5411,Ёджин,1
5412,Марис,1
