value,file
и,7383
в,7200
или,6788
с,6754
на,6750
его,6222
использования,6140
для,6036
от,6018
не,5789
без,5343
Федерации,5094
Российской,5084
связи,4947
обработки,4860
при,4680
средств,4617
обработке,4611
время,4418
О,4223
по,4079
информационных,4050
ФЗ,4004
а,3916
течение,3857
обеспечения,3694
сети,3516
других,3275
к,3096
При,2958
о,2941
г,2920
действий,2825
стороны,2792
размещения,2759
почты,2657
за,2496
порядок,2475
материалов,2442
деятельности,2418
В,2388
улучшения,2380
во,2330
до,2301
качества,2296
имени,2268
РФ,2257
территории,2253
жизни,2246
Оператора,2112
области,2108
частной,2061
имя,1958
технологий,1893
баз,1854
ЭВМ,1724
но,1708
суд,1667
системы,1663
ст,1626
решения,1619
другие,1599
продуктов,1594
К,1569
товаров,1562
части,1560
технической,1548
Администрация,1507
видов,1502
ООО,1473
политики,1428
узла,1414
хранению,1409
Согласие,1397
им,1357
из,1345
д,1320
ул,1301
Фамилия,1253
у,1220
решение,1201
то,1181
рекламы,1167
пользования,1165
хранения,1155
работ,1121
Администрации,1083
ч,1067
контроля,1066
управления,1034
материалы,1032
хранение,1008
года,1007
Персональные,980
систем,974
организации,939
через,938
Москва,937
со,928
место,897
компании,889
проблем,886
обслуживания,874
общего,872
часть,851
свободы,809
Компания,773
оператора,766
суда,750
Для,740
оборудования,721
Все,686
управление,679
п,660
он,651
магазина,647
ИП,638
Вас,621
Закон,614
кроме,594
объединение,567
помощи,547
магазин,545
работников,535
граждан,518
формирования,491
Изменения,470
Настоящее,467
содержанию,467
операции,462
сотрудников,461
России,453
адреса,453
ресурса,449
лет,443
пр,439
безопасность,421
ресурсы,420
область,399
здоровья,396
деятельность,391
переход,388
объекты,387
дом,385
Конституции,382
Общество,375
базы,375
сервиса,369
направления,369
город,367
тех,364
Связь,362
нашей,360
повышения,354
нас,353
защита,348
государственной,348
статистики,338
под,332
Гражданского,326
организаций,319
Санкт,317
Петербург,311
А,307
Как,305
службы,303
рабочих,298
технологии,297
вместе,287
новой,279
перехода,279
источник,268
Правительства,265
связь,258
специального,250
На,244
сервис,239
рекламного,236
система,235
некоммерческого,229
составе,229
страна,227
те,227
объединения,223
ГК,222
Порядок,220
трудовых,217
сообщества,216
Россия,214
стр,212
Право,211
общество,210
Сервиса,209
Общества,208
совместной,205
организация,204
объектов,204
Меры,203
базе,201
порядка,194
администрации,194
развития,194
вне,193
между,193
один,192
компания,190
компаний,189
поле,186
размещению,184
Сервис,181
Персональная,179
охраны,178
страны,178
Под,176
кв,174
социальной,174
общества,174
возможностей,168
почта,168
точной,167
обл,165
новости,165
Передача,165
день,161
Федеральный,160
Название,159
пунктом,158
детей,157
места,155
Московская,154
веществ,153
Безопасность,149
ноября,148
полях,146
поля,146
администрация,145
ФСБ,145
С,144
техники,144
деловой,143
сетей,140
помещений,139
внутренних,139
работники,135
собственных,134
Время,134
б,133
пом,132
служба,131
свободной,129
Личный,128
администрацией,128
книги,126
стиль,126
здоровью,126
несовершеннолетних,125
подготовки,124
служб,124
открытых,124
Защита,123
людей,123
улица,123
Ваш,122
ведения,122
Согласия,122
Электронная,121
ниже,121
сеть,121
Ваши,119
мая,119
марта,114
фонд,113
По,112
Республики,112
семи,109
Пенсионный,109
год,109
обслуживание,108
второй,107
специальной,106
Я,105
шоссе,104
центр,103
очередь,102
товарный,100
Она,99
Помощь,97
ничто,96
коммуникаций,96
СМС,95
Почтовый,95
Они,94
накопления,93
дизайн,93
пожаловать,93
начале,92
типа,92
двух,90
продукт,90
Н,89
дела,89
ОС,89
индивидуальных,88
города,88
состава,87
Обществе,87
я,87
некоммерческих,86
индивидуальные,85
проспект,84
технического,84
край,84
е,83
улучшению,83
проезд,82
правопорядка,81
архивного,81
строение,81
отсутствует,81
Екатеринбург,80
Работники,80
Номер,80
содействия,80
назначения,80
источника,79
мира,79
семьи,79
корпус,78
специалистов,78
регион,78
помощь,77
Б,77
АО,77
Новосибирск,76
У,76
район,76
Республика,75
квалификации,75
медико,75
платы,75
Фонд,74
консультации,74
р,73
выбор,73
эксплуатации,72
М,72
знак,71
Беларусь,70
Банк,70
Организация,70
наименования,70
Перед,69
политических,68
т,68
Центр,68
пункт,67
КПП,67
медицинской,67
именем,64
нужд,64
Москвы,64
локальных,64
значения,64
роспись,63
Украины,63
пункта,63
Совета,63
Организации,62
труда,62
Постановление,62
бизнес,62
налоговой,61
Технология,61
центра,61
образования,61
тел,60
десять,60
пер,60
региона,60
сторона,59
Обновление,59
Новгород,59
й,59
ТК,58
И,58
Наша,58
Трудовой,58
пять,56
помещения,56
Тридцати,56
группы,55
П,55
мест,55
Наш,55
Краснодар,54
ПАО,54
Индивидуальный,54
Лица,53
Гражданский,53
литер,53
Набережные,52
служебных,52
Челны,52
Существующая,52
НК,52
ко,51
Нижний,51
дома,51
трудовой,51
склад,51
третья,50
комплекс,50
Ниже,50
Д,49
Европы,49
полей,49
взрывчатых,48
ру,48
работник,48
три,48
Город,47
новые,47
За,47
Службы,47
два,46
портал,46
зоны,46
культуры,45
класса,44
Ленина,44
названия,44
товарного,44
Казань,44
воинской,44
транспортных,44
операторов,43
медицинского,43
пунктов,43
Казахстан,43
событий,42
Президента,42
УК,42
Выход,42
Е,42
Сторона,41
федеральной,41
Г,41
друг,41
индивидуального,40
Реклама,40
Профиль,40
источники,40
учреждений,40
участников,40
Челябинск,39
счастья,39
недвижимости,38
Место,38
военной,38
частных,38
х,38
Красноярск,38
ПС,38
владение,38
база,37
Дом,37
Партнеров,37
ком,37
ремонта,37
м,36
отдел,36
экономической,35
Куки,35
Магазина,35
ЗАЩИТА,35
Техническая,35
ПО,35
высшего,35
МВД,35
Новости,34
Дону,34
Магазин,34
Федеральной,34
кт,34
Сообщения,34
Краснодарский,34
учебных,34
Самара,34
Союза,33
Владимировна,33
ведение,33
Банка,33
Р,33
МИР,33
жизнь,33
Ростов,33
Тел,33
обороны,32
владельцев,32
новый,32
Марта,32
Александр,32
воли,32
комплекса,32
рода,32
Октября,32
переулок,31
обслуживанию,31
над,31
Управление,31
Добро,31
ПК,31
объект,30
временного,30
Корзина,30
бывшие,30
ребенка,30
сотрудник,30
Московской,30
населения,30
учреждение,30
предприятия,30
Портал,29
изделий,29
Работников,29
Почта,29
добровольного,29
ЗАО,29
Ваша,29
постоянного,29
участника,29
Уфа,29
Гарантия,29
каждому,28
начало,28
Менеджер,28
Воронеж,28
поисковый,28
Факт,28
До,28
ТД,27
эффект,27
территориальный,27
Минск,27
Свердловская,27
Регион,27
Февраля,27
производства,27
торговый,27
экспертизы,26
здоровье,26
Федеральная,26
дал,26
Большая,26
муниципального,26
Ст,26
Сервера,25
та,25
Татарстан,25
производство,25
Омск,25
цен,25
Саратов,25
Иркутск,25
База,25
переработки,25
активной,25
врача,25
Страна,25
Наши,24
Января,24
округ,24
машин,24
занятости,24
склада,24
проект,24
платформы,23
обслуживающий,23
бульвар,23
общих,23
врачей,23
гостиницы,23
выезда,23
Третьи,23
н,23
судов,23
членов,23
рынка,23
ключ,22
отдыха,22
Советская,22
общественного,22
назначение,22
Министерства,22
культурного,22
Николаевич,22
промышленные,22
Алексей,22
производителей,22
Группа,22
Отдел,22
рабочий,22
Без,22
подразделение,22
ремонту,22
района,21
обход,21
тер,21
Калининград,21
полезных,21
Татьяна,21
Новый,21
Предприниматель,21
индивидуальной,21
образование,21
Самарская,21
Иваново,21
Сети,21
ОАО,21
ремонтных,21
Рязань,21
Чат,21
Владимир,21
Августа,21
Ленинский,21
площадка,21
Викторович,20
местного,20
Мая,20
Тверь,20
Ленинградская,20
ш,20
Ольга,20
Л,20
первого,20
Авто,20
СК,20
Офис,20
техническая,20
группа,20
Переход,20
Владивосток,19
Красноярский,19
Десяти,19
Смоленск,19
дел,19
сотовой,19
фирмы,19
Мир,19
Мира,19
клуб,19
туристов,19
Химки,19
з,19
Тюмень,19
площадки,19
Рекламная,19
ОПС,19
Сентября,19
государственный,19
От,19
газеты,19
Сергей,19
переработка,19
Пермь,19
питания,19
административная,19
Маршала,18
предприятий,18
Основания,18
Волгоград,18
Толстого,18
первый,18
Томск,18
Варшавское,18
края,18
Торговый,18
Технические,18
Ростовская,18
Медицинский,18
Освобождение,18
Начало,18
Ф,17
Ижевск,17
Победы,17
Сотрудничество,17
Члены,17
Базы,17
групп,17
присвоении,17
Бизнес,17
Евгений,17
физической,17
линии,17
населенный,17
Т,17
Нижегородская,17
Кемерово,17
городе,17
Александра,17
торговли,17
Михаил,17
Выбор,17
пос,17
Мытищи,17
Риск,17
Киров,17
Мебель,17
автомобиля,17
шлюз,17
мкр,17
Логина,16
НДС,16
торговой,16
мир,16
ДОМ,16
вн,16
союза,16
Барнаул,16
Ярославль,16
Большой,16
отделении,16
транспортного,16
почтового,16
автомобилей,16
Тольятти,16
Сбербанк,16
Клуб,16
Э,16
приемки,16
муниципальный,16
Саратовская,16
Московский,16
Территория,16
Российская,16
ОФИС,15
Приморский,15
Служба,15
Система,15
Андрей,15
Новая,15
Образование,15
Гагарина,15
Владимировича,15
территория,15
Дизайн,15
детской,15
ценности,15
Альфа,15
Подготовка,15
круг,15
отдела,15
Подольск,15
Школа,15
отеля,15
Ресурс,14
л,14
Мастер,14
СПб,14
монтаж,14
Балашиха,14
Крым,14
Белгород,14
Ю,14
Николаевна,14
Операторов,14
даче,14
км,14
Сочи,14
МО,14
Клиника,14
Индекс,14
природы,14
Хабаровск,14
РК,14
Работник,14
завод,14
семей,14
Курск,14
Академика,14
Партнер,14
Карла,14
Автономная,14
Ставрополь,14
некоммерческая,14
специалист,14
фонда,13
Маркса,13
Елена,13
Денис,13
инфраструктуры,13
потребительские,13
площадь,13
завода,13
Люберцы,13
ТОО,13
резерва,13
Льва,13
Анна,13
Сотрудник,13
Центра,13
Контактный,13
площадке,13
рабочего,13
Сеть,13
торговая,13
внедрение,13
Липецк,13
карта,13
двадцать,13
Московское,13
Направление,13
Мобильные,12
Иванов,12
Ола,12
НПП,12
Личная,12
Челябинская,12
Завод,12
памяти,12
Кемеровская,12
новая,12
Часть,12
Новокузнецк,12
Йошкар,12
З,12
Семейное,12
Запросы,12
Брянск,12
Марина,12
Тула,12
СНГ,12
Дзержинского,12
предприятие,12
установка,12
Пенза,12
Телефонный,12
Арт,12
канал,12
ж,12
образов,12
технический,12
Внешний,12
поселок,12
нового,12
Источник,12
бюро,11
Симферополь,11
АНО,11
Саранск,11
Эл,11
Трех,11
линия,11
лист,11
Ставропольский,11
Строй,11
дали,11
Калужская,11
здание,11
Королев,11
городской,11
Анапа,11
взимания,11
Светлана,11
Статус,11
Мария,11
Курган,11
Ивана,11
Михайлович,11
моделей,11
набережная,11
большой,11
Ярославская,11
само,11
архитектуры,11
Пять,11
Ленинградский,11
Новые,11
Оренбург,11
ВТБ,11
Отель,11
Красногорск,11
пути,11
Ленинская,11
пгт,11
Европейский,11
авто,11
Раздел,11
Фонда,11
Проект,11
Поиск,11
городу,10
городского,10
Кирова,10
Редакции,10
ов,10
Балаково,10
Проспект,10
Ульяновск,10
Смоленская,10
Алексеевич,10
РБ,10
канала,10
Белгородская,10
Декабря,10
Одинцово,10
областной,10
Курьерская,10
Другая,10
ам,10
ящик,10
Альянс,10
Форум,10
цвет,10
Тамбов,10
Калуга,10
ТУ,10
друзей,10
Платформа,10
Плюс,10
слева,10
Старый,10
Про,10
зданий,10
открытого,10
отдых,10
Групп,10
отделение,10
Бюро,10
Ленинградское,10
транспорта,10
Долгопрудный,10
Пример,10
Иркутская,10
Допуск,10
наб,10
школы,10
Транспортная,10
федерального,10
строительных,10
Свободы,10
Институт,10
Наших,10
механические,10
Комсомольская,10
Иван,10
Тюменская,10
Дмитрия,10
Интеллектуальная,10
Чебоксары,9
Учебный,9
Ленинградской,9
высокой,9
Киев,9
Волжский,9
Учреждение,9
Юрий,9
Игоря,9
Смоленской,9
Набережная,9
ы,9
Александровича,9
Космонавтов,9
Промышленная,9
Красноармейская,9
прокуратуры,9
научно,9
Пушкина,9
Екатерина,9
Удмуртская,9
домов,9
Таганрог,9
Горького,9
ТЦ,9
торгового,9
Тульская,9
дело,9
Парковая,9
платформа,9
пл,9
Сфера,9
Юридическая,9
СЕРВИС,9
Строителей,9
Он,9
Евгения,9
Фирма,9
Парк,9
Полный,9
Астрахань,9
школа,9
Понимания,9
Иванова,9
здания,9
дачи,9
Электронный,9
Дополнительная,9
Реестр,9
гор,9
Сибирский,9
Оскол,9
Окна,9
Свердловской,9
студия,9
Мой,9
Абакан,9
Кузнецова,9
гражданами,9
Ирина,9
радио,9
Новороссийск,9
развлекательного,9
Сергеевича,9
компетенций,9
Садовая,8
Торговая,8
пк,8
парк,8
Малый,8
Сургут,8
Алтайский,8
Лесная,8
Строительная,8
Нижневартовск,8
Деньги,8
Да,8
транспортная,8
строительство,8
Страховая,8
первая,8
воды,8
Жуковский,8
Тур,8
Юлия,8
Пермский,8
Зеленоград,8
го,8
Люберецкий,8
Экспресс,8
электрические,8
Имени,8
медицинское,8
Калининградская,8
мастерская,8
Северный,8
плюс,8
сетевой,8
Орел,8
марка,8
Петрович,8
библиотека,8
тур,8
Юр,8
Коммунистическая,8
медицины,8
новом,8
Камчатский,8
Новосибирска,8
Сергея,8
путь,8
гражданская,8
Волгоградская,8
Красная,8
Инфо,8
ПКФ,8
пункту,8
сад,8
Дзержинск,8
Максим,8
тайн,8
Орджоникидзе,8
Со,8
ПРО,8
архива,8
Новосибирская,8
искусства,8
каб,8
филиал,8
сооружений,8
пространства,8
Клиники,8
Пяти,8
границы,8
собственников,8
большим,8
Добрый,8
Электросталь,8
бытового,8
метро,8
Невский,8
большое,8
Центральный,8
блок,8
дачу,8
Или,8
ключей,8
клуба,8
рынок,8
активного,8
дверей,8
Севастополь,8
Академия,8
реки,7
МКАД,7
Казахстана,7
Любовь,7
Территориальный,7
Башкортостан,7
речевой,7
МСК,7
Мурманск,7
пояс,7
войны,7
Омская,7
Организатор,7
Заводская,7
товарищества,7
республика,7
Оренбургская,7
ряд,7
Трейд,7
Магнитогорск,7
Торгово,7
движения,7
страховой,7
Обновления,7
Крылатская,7
Никто,7
Семи,7
нижнего,7
Фабрика,7
Весь,7
Научно,7
Детская,7
спасения,7
ключом,7
ключи,7
ГУ,7
Верхняя,7
союз,7
Армии,7
цветов,7
Сити,7
Наро,7
национального,7
ФГУП,7
Ул,7
Ремонт,7
Антона,7
СПБ,7
Единый,7
Ж,7
Ивановская,7
любителей,7
бывшего,7
Вологда,7
лечебно,7
Кор,7
Рус,7
ИСО,7
Контактная,7
Красный,7
Контакт,7
Сбора,7
Николай,7
Великий,7
Агентства,7
Спорт,7
отель,7
Полевая,7
Союз,7
отделения,7
НПФ,7
теле,7
Филиал,7
Александровны,7
особо,7
площади,7
водителя,7
Площадь,7
охрана,7
Гоголя,7
зд,7
Петропавловск,7
смешанный,7
Автошкола,7
инспекция,7
Пятигорск,7
Пункт,7
институт,7
Солнечный,7
подъезд,7
Международная,7
Петергоф,7
Петрозаводск,7
Эксперт,7
Архангельск,7
Станционная,7
Украина,6
Ивановна,6
Дома,6
авиа,6
Удэ,6
ИС,6
Энтузиастов,6
верхнего,6
врачебной,6
Юг,6
Игра,6
Южная,6
УЛ,6
Авангард,6
берег,6
Улица,6
Центральная,6
Юрьевича,6
Энгельса,6
Югра,6
Щелково,6
Европа,6
Улан,6
Ханты,6
Владимира,6
Рязанский,6
скорой,6
Виталий,6
служащих,6
Круг,6
Реутов,6
Владимирская,6
Российский,6
музей,6
Орехово,6
Волгоградский,6
пожарной,6
Русский,6
поликлиника,6
ПЭК,6
Артем,6
СВ,6
Волоколамское,6
Кострома,6
СО,6
социально,6
социальное,6
Новодмитровская,6
лог,6
спорта,6
Восток,6
Арбат,6
населенных,6
национальный,6
Всемирная,6
Виктор,6
Академическая,6
Пол,6
Один,6
Махачкала,6
Линия,6
свободу,6
Производственная,6
Производство,6
третий,6
Индустриальная,6
объединенной,6
Батайск,6
Курьер,6
Обнинск,6
образовательного,6
Вектор,6
Вера,6
РТ,6
Брест,6
Обводного,6
Разработки,6
районе,6
некоммерческое,6
Видное,6
Международный,6
Марий,6
ребёнка,6
Саратовской,6
ПН,6
Стерлитамак,6
Суббота,6
Суда,6
потребительского,6
театр,6
ТВ,6
друзья,6
художественных,6
Каменск,6
НПО,6
территорий,6
деревня,6
НП,6
НН,6
Техника,6
грузов,6
КБ,6
тупик,6
экономического,6
Товарищество,6
главного,6
Павел,6
выезд,6
выгрузке,6
второго,6
Анастасия,6
Главный,6
существующего,6
Специалистов,6
стали,6
Северная,6
Первомайская,6
Выходной,6
поселение,6
Людмила,6
Магистральная,6
Комарова,6
коллектив,6
кол,6
Козлова,6
Ко,6
Склад,6
Славянский,6
Слобода,6
Кировский,6
Мичурина,6
индивидуальное,6
Недвижимость,6
Главе,6
Специалист,6
Основное,5
Орлов,5
Защиты,5
Магазином,5
Основной,5
ПТ,5
Отдых,5
Туристическая,5
Олега,5
Октябрьский,5
Моя,5
Мэйл,5
Елец,5
Эксклюзив,5
Мордовия,5
Некрасова,5
Михайлова,5
Железнодорожный,5
Шахтинский,5
Чувашская,5
Николаевича,5
Чита,5
Миасс,5
Череповец,5
Норильск,5
Нур,5
ОК,5
Через,5
Медицинского,5
Медицинская,5
Общая,5
этап,5
Октябрьская,5
Хаус,5
ЛО,5
МТС,5
Ульяновская,5
Русь,5
СБ,5
СП,5
СССР,5
Корпорация,5
Садовый,5
Уссурийск,5
Игоревич,5
Санаторий,5
Связи,5
Уральский,5
Северное,5
Управления,5
Северо,5
Кировская,5
Русская,5
Солнечная,5
Киевское,5
Спортивная,5
Средняя,5
Ступино,5
Султан,5
Сыктывкар,5
Татьяны,5
Тверская,5
УЦ,5
Казани,5
Тимошенко,5
Титова,5
Интервал,5
Участников,5
Краснодара,5
Харьков,5
Постоянный,5
Павлова,5
Хакасия,5
Хабаровский,5
Люксембург,5
Первый,5
Перми,5
ХМАО,5
Фрунзе,5
Петербургский,5
Пионерская,5
Планета,5
Фоминск,5
Лиговский,5
Лига,5
Почтовая,5
Российского,5
Предприятие,5
Предприятия,5
Лариса,5
Лайф,5
Лазарев,5
Пролетарская,5
Псков,5
Пушкин,5
АКБ,5
Кузнецкий,5
Раменский,5
Революции,5
Рейтинг,5
Респ,5
Алексея,5
Муниципальный,5
Домодедово,5
заведений,5
рп,5
Георгий,5
индустрии,5
Генерала,5
общественно,5
будущее,5
Вокзальная,5
растений,5
павильон,5
Доктор,5
Гатчина,5
Волгодонск,5
развлечений,5
годы,5
Андрея,5
исследовательский,5
металлоконструкций,5
камней,5
участникам,5
сада,5
Астана,5
Южный,5
ассоциации,5
международной,5
дорога,5
двор,5
Якутск,5
Ялта,5
специализированного,5
Армавир,5
Балтийский,5
хозяйственных,5
Виктория,5
Дубна,5
укрепление,5
партии,5
Акция,5
Акционерного,5
боеприпасов,5
Вернадского,5
пищевых,5
хозяйства,5
Владикавказ,5
тракт,5
заводов,5
Юрия,5
Ай,5
Андреева,5
Были,5
промышленности,5
Бухгалтер,5
Гайдара,5
Всё,5
терминала,5
улицы,5
Городская,5
техника,5
технологическая,5
село,5
сектор,5
крови,5
операторской,5
Авиамоторная,5
ВС,5
Екатеринбурга,5
конфликтах,5
ворота,5
дороги,5
комплексов,5
производственной,5
товарной,5
Вал,5
Арзамас,5
Бутлерова,5
Дорога,5
Единая,5
ключа,5
Атлант,5
Анатольевича,5
слобода,5
туризма,5
фабрика,5
Донской,5
гид,5
главный,5
творчества,5
летия,5
Астраханская,5
партия,4
Пр,4
ВО,4
детского,4
очистки,4
Посад,4
Теги,4
Пономарев,4
парки,4
улиц,4
Быстрый,4
Полная,4
Грин,4
целевого,4
Полярная,4
Калинина,4
Гранд,4
Лесной,4
детский,4
Переславль,4
Лидер,4
Авиаторов,4
пост,4
Партизанская,4
Парнас,4
выставок,4
высоты,4
Троицк,4
Троицкий,4
Труда,4
Дача,4
Туапсе,4
Два,4
вторая,4
МП,4
Благовещенск,4
Павла,4
прихода,4
Бийск,4
МЦ,4
проезда,4
производственная,4
производственно,4
воспитания,4
производственного,4
Ирины,4
Иркутской,4
партнерство,4
туристической,4
пассажиров,4
Липецкая,4
да,4
Погода,4
КИТ,4
Тимирязевская,4
Литер,4
Площадка,4
границ,4
план,4
Аврора,4
планы,4
Брестская,4
площадкой,4
Лобня,4
Истринский,4
Истра,4
История,4
Товарный,4
Петра,4
Торгового,4
угля,4
Большевиков,4
Лицевой,4
жилой,4
Православной,4
Гарант,4
Кожевенная,4
мастеров,4
Воронежская,4
Космонавта,4
квартал,4
СМ,4
Волоколамский,4
Славы,4
Вологодская,4
Галина,4
Клин,4
Сосновая,4
Смирнов,4
Климат,4
Русской,4
Волго,4
Собственный,4
Краснобогатырская,4
микрорайон,4
Рочдельская,4
Ростелеком,4
музыкального,4
Элиста,4
Садовническая,4
Воскресенск,4
Воскресенье,4
Коммуны,4
Север,4
Комсомольск,4
Комфорт,4
Комендантский,4
корпуса,4
Свет,4
Сенная,4
ГБУЗ,4
ГИБДД,4
Свердлова,4
Выборгская,4
Колпино,4
Конституционный,4
Коломна,4
Сахалинск,4
Саров,4
Саратовский,4
Серпухов,4
Сан,4
лицензионного,4
Романа,4
мышь,4
дорожно,4
жилого,4
Пятница,4
Пушкинская,4
Пушкино,4
Карелия,4
Карго,4
Карбышева,4
общественное,4
Василия,4
Илья,4
Суворова,4
Производственное,4
Кристалл,4
ой,4
Проезд,4
Автомобиль,4
около,4
округа,4
экспресс,4
хранилища,4
Городской,4
Пресненский,4
Премиум,4
Великой,4
участка,4
РМ,4
Адыгея,4
Социалистическая,4
Владимировны,4
Героев,4
изучению,4
Витебская,4
Витебск,4
учебный,4
игрушки,4
зона,4
народного,4
народов,4
Викторовича,4
Спутник,4
Расстанная,4
Кузбасс,4
Ставропольского,4
Радуга,4
Станислав,4
Станция,4
Старая,4
Куйбышева,4
ворот,4
Вячеслав,4
Цветной,4
Молодежная,4
строй,4
станции,4
Жукова,4
ИД,4
Жуков,4
Мансийский,4
Мансийск,4
Национальный,4
Находка,4
Чувашия,4
Ш,4
Дирекции,4
будущего,4
Евсеев,4
реабилитации,4
спортивного,4
разные,4
Аренда,4
Актуальная,4
Шахты,4
Ангарск,4
автомобильный,4
Дорожная,4
Шевченко,4
бывший,4
Железнодорожная,4
Михаила,4
республики,4
Нам,4
Золотой,4
Объекты,4
Овчаренко,4
Антонова,4
Финансовая,4
русский,4
аллея,4
Южно,4
Домашний,4
Окружная,4
Мичуринский,4
Антон,4
Октябрьской,4
Фаворит,4
строительству,4
Недвижимости,4
Невского,4
Общественное,4
библиотеки,4
Марксистская,4
Дмитровское,4
труб,4
Нижнекамск,4
свет,4
Ольги,4
Забайкальский,4
Мебельная,4
спецтехники,4
складов,4
Циолковского,4
Ейск,4
Меркурий,4
событие,4
Местная,4
Уральская,4
Церкви,4
профессий,4
Ассоциации,4
смены,4
Отечественной,4
НА,4
Урал,4
терминал,4
Закрытый,4
Ногинск,4
Ульянова,4
Открытый,4
АРМ,4
промышленный,4
Университета,4
Макаров,4
смешения,4
Детский,4
бытовой,4
вл,4
Белый,4
Металл,4
Херсонская,4
Школы,4
Зайцев,4
Менделеева,4
Зайцева,4
ЦОД,4
производству,4
Моторс,4
Амуре,4
Залесский,4
смена,4
Новое,4
топлива,4
Яна,4
сооружения,3
Нефтекамск,3
Кузьмина,3
Нефтеюганск,3
Новосибирский,3
Новомосковск,3
стоматологической,3
музыки,3
Алексеева,3
Рабочая,3
Михайловский,3
Романова,3
Вне,3
Развитие,3
Розы,3
новое,3
Крыма,3
Административный,3
Арендатор,3
Новинки,3
Новаторов,3
Российских,3
Раменское,3
Рекламный,3
Новинский,3
спортивной,3
Ветеранов,3
Минская,3
Николая,3
Рождественская,3
спортивный,3
Веры,3
Витязево,3
Ресторанная,3
Арамиль,3
Ново,3
стан,3
Ника,3
Кузнецов,3
Крымск,3
станция,3
Радищева,3
Красных,3
Магистраль,3
Внутренний,3
курорт,3
Выборг,3
торговое,3
НПК,3
тег,3
культурно,3
НТЦ,3
Амундсена,3
театра,3
Альметьевск,3
Всеволожский,3
Навигатор,3
Надежда,3
летний,3
Аналог,3
Корея,3
Корнилова,3
Альта,3
Московского,3
мост,3
типографии,3
Вятская,3
комплексной,3
Мурманская,3
Муром,3
товарная,3
Комсомольский,3
Севастопольский,3
Свой,3
технологического,3
Свобода,3
Светлая,3
Алтая,3
кредитования,3
Алтуфьевское,3
Свердловский,3
Мосрентген,3
Монетная,3
Ворота,3
Анатольевны,3
Рублевское,3
строительного,3
Русское,3
Краски,3
РЭД,3
Анны,3
строительная,3
механического,3
Красногвардейский,3
Сабировская,3
Красногорский,3
Воды,3
Красное,3
Ростовской,3
молодежи,3
море,3
АН,3
Волкова,3
Рыбалко,3
Рыбинск,3
Рязанская,3
Народного,3
Косинская,3
Андреев,3
Воровского,3
Научный,3
мастерской,3
матери,3
Воркута,3
маяка,3
Молодежи,3
Нахимовский,3
Волоколамск,3
учителя,3
Национальная,3
Можайский,3
Могилевская,3
университета,3
РЦ,3
Борьба,3
уголь,3
Петров,3
Белая,3
подъем,3
Песчаная,3
Перспектива,3
энергетики,3
Борис,3
Пермякова,3
Бор,3
Белинского,3
Луначарского,3
Орион,3
Комплекс,3
Луч,3
Орск,3
раб,3
победы,3
Пирогова,3
участков,3
Питомник,3
Поддержка,3
респ,3
Банковская,3
Брянская,3
Бронницы,3
Марии,3
Марата,3
Бардина,3
Плеханова,3
Оно,3
Барс,3
Ополчения,3
Орбита,3
Орган,3
Пластик,3
Братск,3
Басманный,3
проявление,3
Первоуральск,3
Основная,3
Первое,3
Пак,3
Павловская,3
Павлово,3
Павлович,3
промышленной,3
промзона,3
присвоение,3
Павелецкая,3
Березовский,3
Майкоп,3
Берзарина,3
ПП,3
Магадан,3
ППК,3
Бетон,3
производственный,3
Магия,3
призыв,3
МК,3
Открытая,3
Боголюбова,3
профсоюза,3
поселения,3
Пензенская,3
Богородицы,3
Островского,3
Люблинская,3
Малая,3
Партнёров,3
приборов,3
посёлок,3
Бобруйск,3
МАУ,3
Паркет,3
Блок,3
МВС,3
Пансионат,3
первые,3
Подольских,3
первое,3
Мегаполис,3
Лабинск,3
Промзона,3
оздоровления,3
АВТО,3
Астраханской,3
Валентина,3
Лазаревское,3
Международное,3
семьдесят,3
ОТ,3
Лайт,3
БД,3
семейного,3
сельскохозяйственных,3
сельского,3
Областной,3
Пресненская,3
Нужна,3
Ноябрьск,3
ЛК,3
обуви,3
РИК,3
совета,3
Пятницкое,3
Введено,3
Пушкинский,3
Новочеркасск,3
Курганская,3
Пункта,3
Магистральный,3
общественная,3
Курсантов,3
Курская,3
Менжинского,3
Курчатова,3
Васильева,3
Простая,3
Пресвятой,3
Премьер,3
ресторан,3
Лебедева,3
отчуждения,3
Попов,3
Лермонтова,3
Окон,3
Оксана,3
пансионат,3
Бульвар,3
речка,3
Полянка,3
Поля,3
Полковая,3
Полесский,3
Балкарская,3
Лидия,3
Поле,3
партнерства,3
Марка,3
Байкал,3
Мастерская,3
Леонидовича,3
Машиностроителей,3
Обслуживание,3
Маяковского,3
Общее,3
Правовая,3
Общественная,3
ВК,3
остановки,3
остров,3
Леонида,3
Объединение,3
Базовый,3
Объединенная,3
отходов,3
Объект,3
Бурятия,3
Ленская,3
Элемент,3
Заезд,3
газета,3
Кавказский,3
Теплый,3
Тепло,3
Главного,3
Хорошие,3
Главной,3
Усачева,3
Заставская,3
Тельмана,3
Химиков,3
делового,3
Телеком,3
Звезда,3
дер,3
Гранит,3
Глинки,3
Глобус,3
Звенигородская,3
Говорова,3
Усть,3
Ставропольская,3
Каширское,3
Х,3
Кашира,3
бумаги,3
Здоровье,3
Фурманова,3
Стандарт,3
Творческая,3
Тверской,3
Дзержинский,3
де,3
Советы,3
Кабельная,3
Тимирязева,3
Кирпичный,3
вал,3
Созвездие,3
Сокол,3
Технопарк,3
Детства,3
инженерных,3
индустрия,3
Кировоградская,3
Чапаева,3
Сызрань,3
КП,3
Цокольный,3
инвалидов,3
Техно,3
Дубининская,3
Центрального,3
Джи,3
Запад,3
КТ,3
Западная,3
Уренгой,3
Софийская,3
Грузовой,3
Социальная,3
Грозный,3
Западный,3
Кабардино,3
букет,3
Донская,3
замок,3
цветных,3
Горбунова,3
Страховой,3
Филиппов,3
широкий,3
Фестивальная,3
больницы,3
жителей,3
Строительный,3
ТРК,3
больница,3
Учетная,3
Каменный,3
ТПК,3
Зуй,3
аптека,3
ТО,3
Зуевский,3
жилищно,3
Зуево,3
ТЕР,3
Сумской,3
Супер,3
Золотая,3
ФАБРИКА,3
жилая,3
Зубовский,3
Дмитровский,3
ФЕНИКС,3
ФК,3
дороге,3
дорог,3
Учебного,3
Уфы,3
Старо,3
Димитрова,3
Франко,3
Донецк,3
Государственный,3
Ивановны,3
Зеленодольский,3
Автозаводская,3
Димитровград,3
Зеленый,3
Формат,3
Гостиничный,3
заезд,3
Тамбовская,3
Тагил,3
Гостиница,3
Степана,3
Калининский,3
Дирекция,3
Столица,3
Такое,3
Диск,3
Гомель,3
Землячки,3
Стоматологическая,3
Стоматология,3
Каретный,3
Автомобильная,3
АП,3
женщин,3
Тюменский,3
Сколково,3
городок,3
ГМП,3
Тюмени,3
Кожуховская,3
Советской,3
Чкалова,3
километр,3
Жилья,3
Щукинская,3
городских,3
Деловая,3
Жуковского,3
возле,3
Синергия,3
коллективного,3
Семёновская,3
Ковров,3
Ковальчук,3
кафе,3
Инн,3
Черкесск,3
катастроф,3
Источники,3
Туристский,3
Швейная,3
Томилино,3
Жанна,3
ЖБИ,3
Индустриальный,3
Шушары,3
Сергиев,3
ЖК,3
Шрифт,3
Точка,3
Шоссе,3
Серпуховская,3
Тургенева,3
Школьная,3
Инга,3
въезд,3
Сибири,3
Сибирская,3
Индивидуальной,3
встреч,3
вспомогательных,3
Ессентуки,3
гора,3
Туристический,3
Шереметьевская,3
Енисейская,3
Триумф,3
Узбекистан,3
Третий,3
Компас,3
Ткачей,3
Челюскинцев,3
Книги,3
Италия,3
Энгельс,3
Тридцать,3
Три,3
Тихая,3
Коммунальная,3
Интернешнл,3
Университет,3
гость,3
Электродная,3
Часы,3
Электрозаводская,3
Язык,3
инспекции,3
Советский,3
Кисловодск,3
Советского,3
Интернациональная,3
КВ,3
Клевер,3
Коми,3
ЗСК,3
воде,3
военно,3
Славянка,3
Евразия,3
Гарибальди,3
Смирнова,3
Ильин,3
Евгеньевича,3
Эко,3
Сергиенко,3
Смарт,3
Десять,3
Евгении,3
энергии,2
Панфиловцев,2
второе,2
Парголово,2
газ,2
боевых,2
Павловский,2
природный,2
Ушакова,2
благополучия,2
Тукая,2
Панин,2
Ольминского,2
революции,2
четвертый,2
экономики,2
Троллейная,2
пресс,2
Трефолева,2
правой,2
центрального,2
Ольховский,2
Павлодар,2
Офисная,2
Павловск,2
путей,2
бытовое,2
Украинская,2
Островитянова,2
Уральского,2
Уральск,2
проф,2
ПЛЮС,2
век,2
промышленная,2
Отделение,2
проток,2
вдоль,2
просп,2
вблизи,2
Охранная,2
Охрана,2
промышленных,2
Охват,2
Университетский,2
Урусова,2
Осетия,2
Оптовая,2
Усадьба,2
Учебно,2
Ухта,2
Туриста,2
встречи,2
районной,2
Туристская,2
Туры,2
временный,2
УИ,2
производственное,2
Оренбургский,2
воинское,2
Ориентир,2
Успех,2
труба,2
Удобная,2
военных,2
ПР,2
Орхидея,2
ва,2
физкультурно,2
Фаберже,2
строения,2
старой,2
стены,2
Южное,2
Челябинска,2
Челябинской,2
Черепанова,2
Ненецкий,2
Некоммерческая,2
Юдин,2
Национальное,2
Юго,2
Черный,2
Чернышевского,2
Черёмушки,2
Чехов,2
Чистая,2
Чистопольская,2
су,2
Юности,2
Нижнекамский,2
Чеки,2
Чебоксарский,2
Чайковский,2
Чайковского,2
Никонова,2
Часовая,2
Часовой,2
Частные,2
Якуба,2
Николаевский,2
Яковлевой,2
средней,2
транспорт,2
Никитина,2
Никитин,2
Никита,2
Юшуньская,2
Нижняя,2
станица,2
Юбилейный,2
Юбилейная,2
Новгородская,2
НДП,2
НО,2
Щорса,2
Энергетик,2
Муниципальное,2
технологический,2
Эверест,2
Эй,2
НИК,2
Эм,2
Эффективная,2
Мясницкая,2
Электрик,2
Электриков,2
Мытищинская,2
тов,2
Электро,2
Электроника,2
Мурадова,2
Щербакова,2
Щелковское,2
Энергия,2
Эра,2
Шаболовка,2
Шаг,2
Эталон,2
Натальи,2
Швейцария,2
Швецова,2
Шести,2
Широкий,2
Шкиперский,2
Нальчик,2
Эстония,2
Назаренко,2
Нагорный,2
Нагаево,2
Шоссейная,2
НСО,2
телефонная,2
Чайкин,2
Новикова,2
четыре,2
санаторно,2
Овсеенко,2
Филатов,2
Финансист,2
Финансовый,2
сай,2
Общественный,2
Флагман,2
Фоминский,2
св,2
села,2
административный,2
административное,2
Общего,2
Фонтанки,2
северо,2
газовое,2
сезона,2
Образцова,2
Овчинниковская,2
саду,2
Фестиваль,2
Ферзиковский,2
Олимп,2
Фадеева,2
тропы,2
рощи,2
арт,2
рубеж,2
рулем,2
Фаэтон,2
аптеки,2
ал,2
Оккервиль,2
Океанский,2
Океан,2
Федоров,2
Озёра,2
Одоевского,2
Одинцовский,2
Образовательный,2
Форт,2
Цеткин,2
Новоспасский,2
Хоружей,2
Хоум,2
снов,2
Ямская,2
Хрустальный,2
Новочебоксарск,2
Ц,2
ЦК,2
солнца,2
сельский,2
Цветы,2
сосны,2
Ямало,2
Новокуйбышевск,2
специализированный,2
Новой,2
Якутия,2
Церковь,2
Хороший,2
смесей,2
Холод,2
Хмельницкого,2
сельское,2
автономного,2
ОЦ,2
Фрунзенская,2
Фрязино,2
семью,2
Ясеневая,2
Ярославский,2
ОД,2
Харьковская,2
Яр,2
Нягань,2
Нью,2
Янтарь,2
Янтарная,2
Хлебозаводский,2
Норильская,2
Форд,2
Пискаревский,2
Партийный,2
Рождественский,2
Солнечногорск,2
инвесторов,2
Солонцы,2
Романовское,2
Романовский,2
Сорокина,2
Роман,2
Сосенское,2
инвалида,2
моторы,2
Родной,2
Родниковая,2
Родник,2
имущественный,2
Рим,2
Рижский,2
Ривьера,2
Реутовская,2
Соколова,2
Соколов,2
Русские,2
Руза,2
Русанова,2
исполнительной,2
Русаков,2
Смоленский,2
интернат,2
Соборная,2
Руно,2
Совет,2
института,2
московское,2
Рубинштейна,2
мечты,2
Рубин,2
Роща,2
Росток,2
инновационного,2
Ростова,2
морских,2
издательства,2
Союзная,2
Ресторан,2
Развития,2
Ребенка,2
Реал,2
Расточная,2
нижний,2
Районная,2
Разумовский,2
храма,2
новостроек,2
Ставрополя,2
наблюдений,2
Стандартные,2
Рада,2
Рабочий,2
Станкостроителей,2
Стар,2
Староалексеевская,2
областная,2
Старокаширское,2
участок,2
Революционный,2
учебного,2
Региональная,2
Республиканская,2
Спа,2
Респект,2
Спандаряна,2
Спартаковская,2
Спектр,2
Спец,2
золота,2
Спиридонова,2
научного,2
Спортивное,2
национальное,2
Резиденция,2
Спортивный,2
Редькино,2
земли,2
Ред,2
механизации,2
метрополитена,2
правого,2
Сафронова,2
колеса,2
Саянская,2
ферма,2
книжная,2
Сахарова,2
крыло,2
Сахалинская,2
Серебрякова,2
Сатурн,2
коллектива,2
Серебряная,2
Серебряный,2
Серов,2
лагерей,2
Саратова,2
левого,2
Саперная,2
Сантех,2
Св,2
Сербия,2
Русских,2
коммунального,2
Северодвинск,2
Седова,2
коммунальной,2
Севера,2
Сектор,2
конституции,2
Село,2
Сельская,2
Семена,2
Семья,2
кооператив,2
коронавируса,2
комитета,2
Семь,2
Светлогорск,2
кольцо,2
Светланы,2
краеведа,2
левый,2
клубом,2
Сампсониевский,2
местной,2
Симферопольский,2
Синема,2
Сиреневый,2
Сказка,2
СМП,2
Сквозная,2
Складочная,2
СВЯЗЬ,2
Славянская,2
Самотлор,2
историко,2
Рябиновая,2
Рыбинский,2
испытательный,2
Рыбацкое,2
Рыбацкий,2
филиала,2
Русского,2
Симферопольская,2
малых,2
май,2
СТАРТ,2
Самотечный,2
Самары,2
класс,2
Сибирское,2
Сибирь,2
Сам,2
любви,2
Сигма,2
кинотеатра,2
Садовод,2
Сидоров,2
Сила,2
Сад,2
Савченко,2
СТО,2
ф,2
СТК,2
РЭК,2
Старомарьевское,2
Стартовая,2
Тихий,2
Тимашевск,2
пиво,2
Тимонино,2
границах,2
Типография,2
Титан,2
гостиница,2
Плата,2
Тихонова,2
губы,2
Тихорецкая,2
Планерная,2
Писемского,2
узел,2
Писарева,2
То,2
Пирамида,2
Пионерский,2
Пограничников,2
Подбор,2
областного,2
Терешковой,2
детская,2
ТелеСистемы,2
Темрюк,2
Польша,2
парка,2
Политическая,2
Политехническая,2
Полимер,2
Терминал,2
перегрузки,2
Покровский,2
Покров,2
дар,2
Технический,2
Технического,2
Позитив,2
Технологическая,2
Подмосковья,2
Пионерная,2
Петушкова,2
городское,2
гипермаркет,2
Первым,2
Трамвайная,2
Транс,2
порог,2
глаза,2
туристическая,2
Первая,2
Транспорт,2
поселка,2
Тобольск,2
Транспортной,2
героев,2
постановлении,2
Педиатр,2
Партсъезда,2
Третье,2
Третьей,2
Партнерство,2
поляна,2
Трактовая,2
Точность,2
полка,2
Петровско,2
Петровка,2
Петровича,2
уголок,2
городская,2
Петр,2
Петергофский,2
подрядчик,2
полиграфии,2
горка,2
Томская,2
Тонус,2
головной,2
Пермского,2
поликлиники,2
Торговые,2
Тосненский,2
Текстильщиков,2
Театральный,2
Театр,2
Профсоюзная,2
Стрелецкий,2
Птицефабрика,2
Строение,2
Псковской,2
журналист,2
Псковская,2
Прохорова,2
Прохоров,2
община,2
Промышленный,2
Профессора,2
Профессиональный,2
Проф,2
жильё,2
усадьба,2
Стройсервис,2
жилье,2
Судаков,2
Стрежевой,2
Страны,2
Путилково,2
Путь,2
РТС,2
РТИ,2
залог,2
РС,2
РПК,2
участки,2
Степан,2
РИА,2
РА,2
утилизации,2
Степанов,2
Степная,2
установок,2
Столовый,2
Пяозерский,2
обстановки,2
общепита,2
Просвещения,2
Промышленной,2
Порядка,2
Тайм,2
улицу,2
оптовой,2
основная,2
Православный,2
Таблица,2
Православная,2
Правления,2
Правды,2
Тамара,2
ое,2
острова,2
отд,2
отдыху,2
Тарасов,2
дно,2
Пост,2
Посадский,2
Ташкентская,2
ТРАНС,2
Преображенский,2
дорожного,2
художников,2
Прокопьевск,2
озера,2
Производственно,2
озеро,2
Сусальный,2
Сухаревский,2
Сухова,2
женского,2
Приморская,2
железнодорожной,2
Пригородный,2
Привольная,2
ТБО,2
желаний,2
Пречистенка,2
Престиж,2
ТОМ,2
СПК,2
ё,2
Мариуполь,2
КМС,2
Гродненская,2
Виноградова,2
КГ,2
Ефимова,2
Ефимов,2
Кузнецк,2
Когалым,2
ЖКХ,2
КПК,2
Кузнечный,2
Ермакова,2
Вилонова,2
Виктории,2
Кавказ,2
Виста,2
Малышева,2
Медицинские,2
Ас,2
Власова,2
Власов,2
Мамина,2
Коласа,2
Куда,2
Исток,2
Владение,2
ЖСК,2
Ассоциация,2
Грибоедова,2
Козловский,2
Ичалковский,2
Вишневая,2
Мальта,2
Кавказского,2
Бабенко,2
Максима,2
Куратор,2
Елабуга,2
ДО,2
Бакулин,2
Магаданская,2
Калина,2
Купчино,2
ДСП,2
Елькина,2
МЧС,2
Бакунина,2
МС,2
Калининграда,2
Великие,2
МОС,2
Климовск,2
Магнитогорская,2
Культуры,2
Базой,2
Базовая,2
Верхние,2
Верховного,2
Гусь,2
Веселов,2
Макеева,2
Культура,2
Веселый,2
Весна,2
Маклая,2
Казакова,2
Книжная,2
Казаков,2
Колесников,2
Кубанская,2
Артём,2
Апатиты,2
Антарес,2
Кржижановского,2
Волоконовка,2
Горячая,2
Кривой,2
Института,2
Госкомстата,2
Информ,2
Гостевой,2
Интеграция,2
Комаровой,2
Волковский,2
Комаров,2
Интернэшнл,2
Коминтерна,2
Жизни,2
Жизнь,2
Мебельный,2
Комиссара,2
Андреевича,2
Вольск,2
Жилой,2
Мед,2
Ангарская,2
Городок,2
Анатолий,2
Городецкая,2
Медвежьи,2
Инженер,2
Анапское,2
Коммерческий,2
Аппаратный,2
Волгина,2
Гранитная,2
Артек,2
Водительский,2
Жемчужина,2
Армения,2
Град,2
Гражданская,2
Железняка,2
Артель,2
Мастеров,2
Железногорск,2
Маркелов,2
Ксения,2
Марино,2
Марафон,2
Кубани,2
Армада,2
Исаковского,2
Крыгина,2
Аристова,2
Аржакова,2
Коломяжский,2
Живая,2
Государственное,2
Живой,2
Государственного,2
Кольская,2
Масловка,2
Кольцово,2
Иркутский,2
Возненко,2
Аптечная,2
Волга,2
Клары,2
Единство,2
Баланс,2
Лев,2
Лицензионный,2
Киренского,2
Бумажный,2
Богдана,2
Лихачевский,2
Богданович,2
Доватора,2
Булгаков,2
Денежный,2
Добрянка,2
Карпенко,2
Добрынинский,2
Дениса,2
Литва,2
Буракова,2
Личное,2
Ларина,2
Бусиновская,2
Домен,2
Домодедовское,2
Домостроительная,2
Кирилл,2
Дон,2
Ломбард,2
Ломоносов,2
Ломоносова,2
Бухарестская,2
Благовещенская,2
Деловой,2
Ломоносовская,2
Бывшие,2
Кино,2
Карта,2
Лазер,2
Кемля,2
Керчь,2
Джемете,2
Керамика,2
Ботаническая,2
Качалова,2
Бочаров,2
Лесосибирск,2
Бокситогорская,2
Братский,2
Динамо,2
Лесозаводская,2
Леонтьевой,2
Братьев,2
Квартал,2
Лето,2
Бородина,2
Бородин,2
Катукова,2
Катар,2
Либкнехта,2
Борисоглебский,2
Дмитриевича,2
Лилия,2
Киевская,2
Дмитров,2
Борисов,2
Будь,2
Бондарь,2
Киевский,2
Большое,2
Лисий,2
Лазурит,2
Достижение,2
Единственная,2
Куцыгина,2
Еврейская,2
Кутузова,2
МБУ,2
Василенко,2
Кутузовский,2
МАРКЕТ,2
Беговая,2
Любого,2
Китай,2
Варшавская,2
Белгородский,2
Люкс,2
Беликова,2
Дуси,2
Калужское,2
Европейская,2
Васильев,2
Баранова,2
Европейское,2
Васильевича,2
Баня,2
Банникова,2
Калифорния,2
Банки,2
Курсы,2
Балтийская,2
Егорьевск,2
Дальний,2
Баллы,2
Дальневосточный,2
Вводная,2
Камышин,2
Дунайская,2
Дедовск,2
Де,2
Капитал,2
Луки,2
Дворец,2
ВРЕМЯ,2
Берег,2
Береговая,2
Дровяной,2
Любови,2
Березники,2
ВП,2
ВОСТОК,2
Берёзовой,2
Лоухский,2
ВЕКА,2
Ладожская,2
Дружбы,2
Беляев,2
Движение,2
Кантемировская,2
Дружинниковская,2
Белые,2
Кировского,2
Дубовое,2
Валеевой,2
Дарья,2
Дудинская,2
Лабиринт,2
Лыткарино,2
Киселева,2
Варварская,2
Канада,2
Анапский,2
Бриз,2
Мини,2
Константин,2
Габдуллы,2
ГУП,2
Абсолют,2
Геленджик,2
Акватория,2
Захарова,2
Косенко,2
Авиатор,2
Ген,2
Аква,2
Минский,2
Минфина,2
Издатель,2
Мираж,2
Гнездниковский,2
Идея,2
Ак,2
Выборгский,2
Айсберг,2
Игровой,2
Мирошниченко,2
Азовский,2
Выборгское,2
Монтажная,2
Морозов,2
Минина,2
ЗУ,2
Изумрудный,2
Александрова,2
Ильинка,2
АС,2
Гагаринский,2
Алания,2
Активный,2
Гастелло,2
Актив,2
Корпоративная,2
Забота,2
АСУ,2
Гаврилов,2
Морозова,2
Звенигород,2
Зиновьев,2
Гвардейская,2
Златоуст,2
Измайловский,2
Всероссийская,2
Минеральные,2
Моисеенко,2
Звездный,2
Конкурс,2
Конова,2
Геннадия,2
Константиновка,2
Митрофаньевское,2
Высота,2
Автомобильный,2
Кооперативный,2
Зорге,2
Высоковольтная,2
Мишина,2
ИМ,2
Адвокат,2
Конюшенная,2
ИК,2
Высокое,2
Агрофирма,2
Высоцкого,2
Выезд,2
Молодежный,2
Мобильный,2
Запорожская,2
Автономный,2
Косыгина,2
Автосервис,2
Коньков,2
Герцена,2
Модуль,2
Можайск,2
Героя,2
Заречная,2
Автоматики,2
Музыкальный,2
Главная,2
Михайловича,2
Монтаж,2
Монолит,2
Автодорога,2
Кочетков,2
Михайловны,2
ГБОУ,2
Котова,2
Геодезия,2
Георгиевск,2
Ивантеевка,2
Заневский,2
ГАУК,2
Адмиралтейская,2
Заречье,2
Адмирала,2
Континент,2
Адмирал,2
Золотые,2
Контрольная,2
Заречный,2
Ивановой,2
Главное,2
Миклухо,2
Мозаика,2
Красносельская,2
Коровинское,2
АК,2
Гаражная,2
Зеленая,2
АЛЬЯНС,2
Горная,2
Мета,2
Восход,2
Земельный,2
Металлострой,2
Мелитопольская,2
Зеленодольск,2
Металлургов,2
Коробки,2
Галактика,2
Звёздная,2
Метро,2
Меридиан,2
Звонки,2
ЗАТО,2
Алексин,2
Восточное,2
Воскресенский,2
Красноярского,2
Земляной,2
Меркулов,2
Корона,2
Горизонт,2
Газеты,2
Импульс,2
Аль,2
Инвест,2
Меня,2
Гаражный,2
Газетный,2
Красносельский,2
Восстания,2
Воскресенское,2
Красноярска,2
Газпром,2
Газета,2
Алюминий,2
Восточная,2
Комсомола,2
АВ,2
Мотор,2
Журавлева,2
Алексеевская,2
Кремлевская,2
Гомельская,2
Краснодарская,2
Красногвардейская,2
Индия,2
Межрайонная,2
Алексеев,2
Кремль,2
Амур,2
Ильич,2
АПК,2
Галкин,2
Воробьёв,2
Зенит,2
Времена,2
Гончарова,2
Коммунарка,2
Империя,2
Механическая,2
Воткинское,2
Города,2
Врачебная,2
Гора,2
Галерея,2
Джеметинский,1
Геофизиков,1
Дворик,1
Германа,1
Дворянская,1
Гам,1
Гермес,1
Георгиевский,1
Двужильного,1
бытовых,1
Герасимов,1
Две,1
Детское,1
Двух,1
Детского,1
Двигатель,1
быта,1
Дарина,1
гавань,1
Дачная,1
Дасаева,1
Дарсановский,1
Герасима,1
Ганны,1
Двинская,1
Дибирова,1
Дарьи,1
Гараж,1
Джангильдина,1
Джалиля,1
Ганино,1
Дачник,1
Двор,1
казачье,1
Дачное,1
вагон,1
Дачный,1
вышивка,1
Герасимова,1
Дачу,1
Дивеево,1
Геркулес,1
Десанта,1
Геннина,1
вода,1
Гашека,1
Деминская,1
инструментальный,1
ветка,1
ветеранов,1
Демин,1
ветер,1
истоки,1
водопроводной,1
водохранилища,1
Демидовский,1
Демидовская,1
военного,1
Демидова,1
военный,1
ветра,1
Гатчинское,1
Геворгяна,1
Гатчинский,1
Гаркуша,1
Державная,1
Держава,1
Гармония,1
Деревня,1
Дербент,1
Департамента,1
Денисов,1
Десантников,1
Гарнизон,1
Десна,1
исток,1
Десногорск,1
вечера,1
Гатчинская,1
Демехина,1
Деметра,1
Детские,1
Дейнеки,1
Детальный,1
Дежурный,1
восемь,1
Детей,1
Генезис,1
Дерюгина,1
Детка,1
восточное,1
Генеральная,1
восточный,1
восьмой,1
Девяткино,1
врачебная,1
Девичье,1
Девино,1
инженерно,1
Десяточка,1
весны,1
верхние,1
весна,1
Гейзер,1
инспектора,1
Демакова,1
Дельта,1
Гарифьянова,1
Гельсингфорсская,1
Дело,1
инициатива,1
вокзал,1
Действий,1
инициатив,1
волна,1
Гаринский,1
волость,1
железнодорожников,1
Дагестан,1
Дарвина,1
деревянного,1
Гольф,1
залив,1
Грация,1
Гольфстрим,1
заводской,1
Графский,1
деревне,1
Гольянский,1
деревообрабатывающего,1
Дивеевская,1
Дарвин,1
заводе,1
Гранатный,1
Грайвороновская,1
Гражданское,1
Гражданка,1
Градиент,1
забора,1
Грабцево,1
Грабовский,1
Голутвинская,1
Грачевский,1
Грибки,1
Голубая,1
Грозного,1
дважды,1
Гришко,1
застройщиков,1
двойного,1
Гришкино,1
дворе,1
дворик,1
Гриф,1
заправка,1
Гринвуд,1
Григорьевич,1
заповедник,1
запаса,1
Григорьева,1
западный,1
Григоренко,1
западное,1
деловая,1
Горбатова,1
диктатуры,1
дирекции,1
Горы,1
Горшковой,1
Горшкова,1
Горский,1
Городское,1
Горнозаводск,1
Горнозаводский,1
Городские,1
Горнолыжный,1
дуб,1
дуба,1
Горноправдинск,1
женский,1
железный,1
железной,1
дух,1
Городничев,1
жд,1
железнодорожного,1
Городец,1
Горки,1
Горьковская,1
Гр,1
Горьковское,1
Горбачёва,1
Гордеевка,1
доброволец,1
Гостиный,1
добычи,1
дождь,1
Гордеевский,1
доктора,1
докторов,1
Горелово,1
долина,1
Гостиничного,1
Гостиничная,1
домами,1
домик,1
жилые,1
Гостиная,1
Горина,1
Горка,1
Голицыно,1
двадцатый,1
Громобоя,1
Даниленко,1
глины,1
Гилева,1
Дальняя,1
Главмосстроя,1
Даль,1
Дагомыс,1
Дагестана,1
железная,1
Глаголева,1
горе,1
зерна,1
Давыдов,1
горки,1
горных,1
Давуд,1
Давиденко,1
Гладков,1
земледелия,1
земельных,1
Данил,1
зрителей,1
ДОН,1
Данилов,1
Даньшин,1
газовой,1
Гибкая,1
газовый,1
Гидравлический,1
Гидро,1
Гидрогородок,1
гараж,1
гаражного,1
гармонии,1
ие,1
генерала,1
Данченко,1
Гидросервис,1
героя,1
игрушка,1
Гидротурбинная,1
Даниловский,1
Данилова,1
ДПК,1
зеленая,1
защитников,1
Губкина,1
зданием,1
Губерния,1
губерния,1
Годовикова,1
Губаха,1
Губанова,1
Гуамка,1
Грушевская,1
Груша,1
Групповой,1
Голикова,1
Грузия,1
звёзд,1
Грузинская,1
дачного,1
дачный,1
звезд,1
дачных,1
Грошева,1
Губкин,1
грузового,1
Гладкова,1
Губцево,1
ДНТ,1
ДНП,1
ДНА,1
ДК,1
горы,1
ДИП,1
ДВИЖЕНИЕ,1
гостиничного,1
Глубокая,1
ДВ,1
Глубокое,1
Гуси,1
Гусейнова,1
Гусево,1
Гурьевский,1
Гоголь,1
Гурзуф,1
Гумара,1
Гузеева,1
Муниципальные,1
Ярмарка,1
Дивеевский,1
Черноземье,1
Черноморская,1
Черноморский,1
Черноречье,1
Черные,1
Журавли,1
Чернышевская,1
Журавленок,1
Черняев,1
Черняховского,1
Чертыгашева,1
Четаева,1
Жуковские,1
Чечель,1
Чеченская,1
Чеченской,1
Чечерский,1
Чечулина,1
Чешская,1
Чиркин,1
Жуковка,1
Чистова,1
Жмайлова,1
Чистопольский,1
Чистые,1
Чистый,1
Жители,1
Читателей,1
Черной,1
Черное,1
Чкаловский,1
Черногорье,1
Челобитьево,1
Челюскина,1
Забайкальская,1
ЗКО,1
ЗИП,1
Челябинский,1
ЗЕНИТ,1
Чем,1
Чемпион,1
Чердаклинская,1
Чередникова,1
ЗЕЛЕНЫЙ,1
Черемных,1
Черемшанский,1
Черепановых,1
Черепичный,1
ЗА,1
Журнала,1
Черкесская,1
Черкесское,1
Черкизово,1
Черкизовская,1
Чермянская,1
Черниговского,1
Черниговское,1
Черников,1
Черного,1
Чкаловская,1
Жили,1
Челиева,1
Шарташский,1
Шатова,1
Шаумяна,1
Шахматы,1
Шахтер,1
Живописная,1
Шведская,1
Швейный,1
Женсовет,1
Женевская,1
Шебекино,1
Шеврохромовская,1
Шевцов,1
Шевцовой,1
Шелехов,1
Шелковичная,1
Шенталинский,1
Шервуд,1
Шерегеш,1
Шестакова,1
Шесть,1
Шефская,1
Шигаева,1
Шилкина,1
Шипилов,1
Шипилова,1
Ширина,1
Ширинский,1
Шато,1
Шарташ,1
Чмутова,1
Шарлыкское,1
Чонгарская,1
Чугунов,1
Чудес,1
Чудо,1
Чудово,1
Чуйкова,1
Чуйского,1
Чулман,1
Чусовой,1
Чёрная,1
Чёрный,1
Жидкова,1
ШКОЛЬНАЯ,1
Жиделева,1
Шабровский,1
Шабунина,1
Жигулёвская,1
Шадрина,1
Шалинский,1
Шаляпина,1
Шама,1
Шаманова,1
Шамиль,1
Шамиля,1
Шанс,1
Шапки,1
Шарикоподшипниковская,1
Забор,1
Чел,1
Железноводск,1
Харламова,1
Хасана,1
Хасанова,1
Хаски,1
Хаустова,1
Хвостова,1
Звездная,1
Химик,1
Захарчука,1
Химический,1
Химмаш,1
Хлеб,1
Хлебная,1
Хлебников,1
Хлебный,1
Захаренко,1
Застава,1
Хованская,1
Хозяин,1
Холмистая,1
Холмская,1
Зарубина,1
Холодильный,1
Холодок,1
Хомякова,1
Хомячок,1
Хорошёвская,1
Хоста,1
Звенигородское,1
Зверева,1
Хохрякова,1
Хамовники,1
Фриз,1
Фролов,1
Фронт,1
Фронтовых,1
Фруктовый,1
Зеленогорск,1
Зелени,1
Фрунзенский,1
Фрунзенского,1
Фрязевское,1
Фряново,1
Фундамент,1
Фунтовское,1
Здоровья,1
Футбольный,1
Здоровая,1
Здание,1
ХОРС,1
ХХ,1
Хабибулина,1
Хай,1
Хайруллина,1
Звонарский,1
Хакасская,1
Халтурина,1
Халтуринская,1
Хамзина,1
Заревый,1
Хризолитовый,1
Чекистов,1
Замоскворечье,1
Закрытое,1
Закиров,1
Цимлянская,1
Заинский,1
Цифровая,1
Заде,1
Ч,1
Чабан,1
Чагда,1
Заготзерно,1
Загорянский,1
Загородный,1
Загородное,1
Чапаевский,1
Часов,1
Загородная,1
Заволжье,1
Частная,1
Заводское,1
Частный,1
Заводоуковск,1
Завидово,1
Завет,1
Чатра,1
Завгороднего,1
Чеботарева,1
Заборы,1
Залка,1
Центральные,1
Хромова,1
Центральное,1
Хрустальная,1
Заправка,1
Художников,1
Хутор,1
Хуторская,1
Запорожье,1
ЦИК,1
ЦИТ,1
Запорожский,1
ЦО,1
ЦПС,1
ЦРБ,1
ЦСКА,1
Царев,1
Царева,1
Царёв,1
Царёва,1
Цвет,1
Заповедная,1
Цветовая,1
Цветочная,1
Западной,1
Цвиллинга,1
Западно,1
Заокский,1
Заозерная,1
Центрально,1
Широкая,1
Широтная,1
Дивизии,1
Яналова,1
Дровяная,1
Яны,1
Доступный,1
камень,1
Яровой,1
Ярослав,1
Ярослава,1
Достояние,1
Достоевского,1
Достоевская,1
Ярославцев,1
Ярус,1
Ярцево,1
Яскина,1
Дорошенко,1
Дорохова,1
Доронина,1
автолюбителей,1
ДорХан,1
автомобильного,1
автомобильные,1
ДорСервис,1
Дополнительный,1
Донецкая,1
автотранспорта,1
адм,1
Домострой,1
Дрожжановский,1
Дронова,1
Дольче,1
Ян,1
Юридической,1
Юрист,1
Юристов,1
Думенко,1
Дудко,1
Ютазинский,1
Юшкина,1
Дубровка,1
ЯО,1
Яблоновский,1
Яблочкова,1
Ягодкина,1
Ягодный,1
Дубрава,1
Языки,1
Якимова,1
Якова,1
Яковлева,1
Якорная,1
Дубнинская,1
Дружининский,1
Якушева,1
Ялтинский,1
Ялты,1
Дружба,1
Ямашева,1
Дружаева,1
Домик,1
ак,1
Духовская,1
бел,1
берегу,1
бетонного,1
Днт,1
Днепровский,1
Днепр,1
Дмитровка,1
благоустройства,1
блокадного,1
бо,1
Дмитриенко,1
бокс,1
Дмитриева,1
Дмитриев,1
Диспетчерская,1
Дипломат,1
Динской,1
бор,1
бою,1
братьев,1
братья,1
бригад,1
бригада,1
бригады,1
Динамовская,1
Диктора,1
Дизель,1
Дивноморское,1
Добров,1
Доброво,1
академика,1
Добровольная,1
Долинка,1
Долгобродская,1
Долгие,1
Долгая,1
аль,1
Докучаева,1
аммиака,1
Докука,1
Док,1
аптечные,1
аромат,1
ароматов,1
Доверие,1
артиста,1
Добыча,1
ассоциация,1
атомной,1
аэропорта,1
Добрынинская,1
Добрынин,1
Добролюбова,1
Добровольского,1
Добровольное,1
балет,1
бани,1
батыра,1
башня,1
Юрга,1
Душ,1
Ширшова,1
Щербанева,1
Щипок,1
Есипово,1
Ершова,1
Щёлковский,1
Ершов,1
ЭДЕМ,1
ЭКО,1
ЭП,1
ЭРА,1
ЭТУ,1
Ермаков,1
Эврика,1
Эдуарда,1
Еремеева,1
Емельяновский,1
Экологическая,1
Экология,1
Экономика,1
Экономия,1
Экскаватор,1
Емельянова,1
Ельня,1
Ельнинский,1
Элеваторная,1
Елизова,1
Электрика,1
Елизаровская,1
Щербинка,1
Щербаковская,1
Елизарова,1
Ессентукская,1
Ширяева,1
Шишкин,1
Шишкина,1
Железнова,1
Железная,1
Жар,1
Жанэ,1
Шлагбаумская,1
Шмелева,1
Шоколад,1
Шолохова,1
Шолохово,1
Жаворонок,1
Шостак,1
Шоу,1
Шуваловский,1
Шувое,1
Шумакова,1
ЖБК,1
Шёлковая,1
Щ,1
Щаденко,1
Щеглов,1
Щекино,1
Щекинский,1
Щелковский,1
Щепина,1
Электрические,1
Электровозная,1
Юнис,1
Энерго,1
Единения,1
Эстонской,1
Егорьевский,1
Этокская,1
Эффект,1
Эшкинина,1
Эшпая,1
Егоршина,1
ЮГ,1
ЮНИКС,1
Егоров,1
Егора,1
Ювелирная,1
Евстигнеев,1
Югорск,1
Евпатория,1
Евгеньевны,1
Южнобутовская,1
Дядя,1
Южнопортовый,1
Южноуральская,1
Южные,1
Дьяченко,1
Юлии,1
Дыбенко,1
Юля,1
Юмашева,1
Эридан,1
Еды,1
Электрогорск,1
Энергетический,1
Елизавета,1
Электродный,1
Елизавет,1
Электролитный,1
Электрон,1
Электроник,1
Елецкая,1
Еланский,1
Елан,1
Электросвязь,1
Электросила,1
Елабужский,1
Электростальское,1
Электротехническая,1
Электротехнический,1
Екатерины,1
Элит,1
Эль,1
Эльба,1
Эльбрус,1
Эльдорадо,1
Екатерининский,1
Ейское,1
Ежи,1
Энгельсский,1
Ежевика,1
Энергетиков,1
каменный,1
лесов,1
Галкинская,1
Ахтубинская,1
сигнал,1
силовой,1
сим,1
Афонино,1
Афонина,1
Афина,1
сияние,1
скала,1
скалы,1
скважина,1
Афанасьева,1
Ауэзова,1
Аутлет,1
складского,1
складской,1
Атнинский,1
скота,1
сл,1
Атлас,1
слепых,1
Аткарская,1
Ата,1
Ат,1
Астраханский,1
Астра,1
Астория,1
Ассорти,1
Афонтовский,1
Ахтубинское,1
Архитектора,1
Ахун,1
севере,1
северный,1
Бавлинский,1
седьмой,1
Бабушкина,1
сезонной,1
Бабич,1
Бабаевского,1
сельская,1
БФ,1
БСО,1
БСБ,1
сельскохозяйственного,1
БПС,1
БО,1
БИС,1
семейный,1
БЗСК,1
Аят,1
Аякс,1
Аэродромная,1
семья,1
Аэродром,1
Ачинск,1
серы,1
сестер,1
сестры,1
Аскино,1
снабжения,1
Баг,1
Аристократ,1
Аржановский,1
спортивная,1
Аргуновская,1
Арбатский,1
Арамильский,1
справа,1
спуск,1
Аракул,1
средний,1
средних,1
Апшеронский,1
Апшеронск,1
стабильного,1
Апухтина,1
Аптечные,1
стандарт,1
станков,1
Аптекарский,1
Аптека,1
старая,1
старого,1
Апрель,1
старые,1
старых,1
Аппаратная,1
Аппарат,1
столица,1
Арина,1
Арка,1
Архиповка,1
Аркадий,1
Архивный,1
собора,1
Архангельское,1
Архангельского,1
Архангельская,1
Архангела,1
совет,1
Арутюнова,1
Артур,1
Артиллерийская,1
Арти,1
Артемьев,1
сооружение,1
Артемия,1
Артема,1
сортировки,1
соседей,1
Арсланова,1
Арский,1
Арсеньева,1
Арсенал,1
Арно,1
Арнаутова,1
Армия,1
Армении,1
спас,1
Аркадия,1
святых,1
Багетная,1
стоматологическая,1
пчеловодов,1
Белокуриха,1
Белогорский,1
Белогорская,1
Белого,1
Белоглинский,1
Беловодье,1
Белова,1
рабочая,1
Белкин,1
Белка,1
Белгородской,1
радости,1
Белан,1
Беды,1
Беговой,1
Бебеля,1
разрез,1
Башков,1
Башкирская,1
Башкирия,1
районная,1
Башкирии,1
районы,1
Бауманская,1
Батюшкова,1
Бассейная,1
Баррикад,1
пятый,1
Белокурова,1
Баранцево,1
Беломорский,1
Бережной,1
Бердское,1
Бердск,1
Берггольц,1
проспекта,1
проспекте,1
проспекту,1
простор,1
просторы,1
Беляниново,1
Беляева,1
Бельгия,1
профессионалы,1
профилакторий,1
профсоюзов,1
проходная,1
Белоусовой,1
пруда,1
пруды,1
психиатрической,1
птица,1
Белоусова,1
Белорусское,1
Белореченская,1
Белорецкий,1
Белорецк,1
Белоостровская,1
Барклая,1
Баранов,1
Бажанова,1
ручей,1
рыбка,1
рыбная,1
рыболовов,1
Баку,1
Баклановский,1
рядового,1
Бакинских,1
Бакинский,1
Байкальская,1
садово,1
садоводов,1
садоводческого,1
садовое,1
садовой,1
садовых,1
Базис,1
санаторий,1
санатория,1
санаторная,1
Базарной,1
санитарной,1
сбыта,1
Базар,1
Баз,1
света,1
Бажовский,1
Бажова,1
ручьи,1
Бакулина,1
резидентов,1
Бакы,1
река,1
реке,1
Барабанова,1
реку,1
ремонтно,1
Балчуг,1
Балхаш,1
Балтия,1
Балтики,1
Балтасинский,1
Балт,1
Балкон,1
Балашова,1
речке,1
речки,1
Балашов,1
Балахнинское,1
роз,1
роза,1
розы,1
роса,1
Баландина,1
росы,1
роща,1
Балаклавский,1
Балакирева,1
Балакина,1
столицы,1
Апельсин,1
камня,1
Аграрная,1
Агафонов,1
Агапова,1
флота,1
флотилии,1
Авторский,1
Авторемонтная,1
Автополигон,1
хана,1
химического,1
химчистки,1
хозяйств,1
хозяйственного,1
Автомоторная,1
хозяйство,1
холодильного,1
хоум,1
Автомобилистов,1
Автоматика,1
Автомат,1
хребет,1
хребтов,1
Автомастер,1
Автомагистральная,1
хутор,1
хутора,1
ц,1
Автозапчасти,1
Агафонова,1
Агрономическая,1
Автовокзал,1
физиологии,1
усадьбе,1
усадьбы,1
Азнакаевский,1
Азия,1
Азимова,1
утро,1
Азии,1
Азербайджанской,1
Азамат,1
Адмиральский,1
Адмиралтейский,1
учебно,1
Административно,1
Административная,1
ученых,1
учителей,1
учитель,1
Адлерское,1
Адлерский,1
Адвокатский,1
ущелье,1
уют,1
Агрызский,1
фабрике,1
факультет,1
Агросервис,1
Агропромэнерго,1
Автоград,1
Автово,1
ус,1
АРС,1
АНТ,1
экс,1
экскурсионный,1
экспедиция,1
АНПО,1
эксплуатационных,1
АИСТ,1
электрической,1
электроники,1
электропередач,1
электросети,1
электроснабжения,1
электростанции,1
АЗХО,1
АДС,1
АД,1
этнографический,1
АГК,1
ю,1
юг,1
южнее,1
южной,1
южный,1
ягод,1
як,1
ямы,1
АБК,1
экономическая,1
экологии,1
Автобус,1
щи,1
Авроры,1
Авиационная,1
центральная,1
центральной,1
цеха,1
Авеню,1
Авдеевка,1
Аватар,1
Авангардная,1
Абхазии,1
Абрамов,1
Аблукова,1
Абая,1
чудо,1
Абаканский,1
швейное,1
швейной,1
ше,1
шестнадцатый,1
АЭС,1
шишка,1
АТК,1
школьников,1
АСО,1
шлюза,1
АСК,1
ще,1
Азов,1
ураган,1
стор,1
танца,1
Анадырь,1
Ан,1
Амурская,1
тебе,1
Амстердам,1
Амосова,1
Амирхана,1
теленок,1
Американский,1
телятник,1
теплиц,1
теплицы,1
Американская,1
Амбулаторная,1
Амарант,1
Аманова,1
территорией,1
Амангельды,1
Алёны,1
Алёна,1
Алюминиевая,1
Альтернативная,1
Альпы,1
Альпина,1
Альпийский,1
Альметьевский,1
Алькеевский,1
твердых,1
тайга,1
Альба,1
Анастасии,1
Апекс,1
стоящие,1
Апастовский,1
страже,1
Ануфриева,1
Антоненко,1
Антипин,1
стрит,1
Антенная,1
строит,1
строителей,1
Ансар,1
Анисимово,1
строительное,1
строительный,1
Андросова,1
Андропова,1
Андронова,1
Андрианов,1
Андреевская,1
Английский,1
Английская,1
сушки,1
Анацкого,1
счастье,1
съезд,1
сёла,1
Альбатрос,1
Алые,1
Азово,1
Алек,1
Акционеров,1
Актау,1
Актанышский,1
туп,1
Аксубаевский,1
Аксенова,1
Аксаково,1
Аксайский,1
туристический,1
Аксай,1
Аккуратный,1
туристско,1
Аккумуляторный,1
углов,1
Аккорд,1
угол,1
Акимова,1
Аквилон,1
удобрений,1
Акварель,1
Аквамарин,1
Академический,1
Академии,1
улице,1
Айти,1
Айдамирова,1
Азовское,1
Алгоритм,1
Алекс,1
техобслуживания,1
тренера,1
Алуштинская,1
Алтухов,1
Алтайской,1
Алтайского,1
Алтайская,1
Алтай,1
товарищество,1
Алмаз,1
Алма,1
Алена,1
Алексинский,1
Алексеенко,1
Алексеевское,1
Алексеевский,1
торгово,1
Алексеевой,1
Алексеевка,1
Алексеевича,1
торфопредприятие,1
точка,1
Александры,1
тракта,1
тракторная,1
Александровский,1
Александров,1
Александро,1
Александрия,1
Березина,1
промышленного,1
промкомзона,1
Волковская,1
Волжского,1
механический,1
Вокзальный,1
микрорайона,1
микрорайоне,1
милиции,1
мини,1
Воздух,1
Воздвиженка,1
Военторговская,1
мл,1
многоквартирных,1
Военно,1
Водопроводный,1
молодежного,1
молочный,1
монастыря,1
Водник,1
Водитель,1
морского,1
морской,1
морском,1
моря,1
моряков,1
Вода,1
Вог,1
моста,1
Волков,1
металлургический,1
Внуково,1
металл,1
Воронежской,1
мастерских,1
матер,1
Воробьева,1
Воробьев,1
Воробей,1
Вонсовского,1
машинно,1
машино,1
Вольская,1
маяк,1
мг,1
мебельная,1
мебельной,1
Вольный,1
Волынь,1
Волшебный,1
Волчкова,1
Волчиха,1
Волховская,1
Волошиной,1
Волочек,1
Волоть,1
Володарского,1
местность,1
Волна,1
месторождения,1
мотор,1
Внешняя,1
Воронов,1
Вилина,1
Вик,1
небо,1
Визит,1
Виза,1
некоммерческий,1
Виадук,1
Вешки,1
Вечерний,1
Ветошкина,1
нефтяной,1
Ветлянская,1
Ветка,1
Ветеринарная,1
низ,1
нии,1
Ветераны,1
Ветер,1
Вестник,1
Верёвкин,1
Верхоянская,1
Верхний,1
нос,1
ночи,1
Верхнеуслонский,1
Верхне,1
Верхн,1
Верх,1
Викторенко,1
Вильгельма,1
музея,1
Вильнюсская,1
Внедрение,1
Власенко,1
Владимирское,1
мясокомбинат,1
Владимирова,1
Владимиров,1
Влада,1
Вл,1
Вкусный,1
надежда,1
Вишенное,1
Вичугская,1
Витражная,1
Витковского,1
Витебский,1
Виталия,1
Вита,1
Винт,1
Винокурова,1
Виноградовой,1
населённый,1
насосного,1
наук,1
научная,1
Виноградный,1
Виноград,1
научные,1
Воронкова,1
Вороновский,1
Березовая,1
ГОК,1
колледж,1
ГМ,1
ГКУ,1
коллективной,1
коллективный,1
кольца,1
кольцевая,1
ГАУЗ,1
комбинат,1
комбината,1
комиссара,1
комиссаров,1
ГАУ,1
ГАЗ,1
Вёшки,1
коммунальные,1
коммунальных,1
Вятского,1
Вятские,1
Вязьма,1
Вэй,1
Вышний,1
Выставка,1
Высоцкий,1
Высотная,1
Высокогорский,1
концерна,1
ГО,1
ГОРЬКОГО,1
Высокий,1
ГП,1
канализационной,1
каналом,1
картофеля,1
карьер,1
карьера,1
карьеры,1
Газопровод,1
Гагры,1
кварталы,1
кедр,1
ки,1
Гагарский,1
кинотеатр,1
кинотеатром,1
кирпича,1
кирпичный,1
кл,1
Гагарин,1
клинический,1
Гавриила,1
Гавена,1
Габричевского,1
ГСП,1
ГРУ,1
ГРПШ,1
ГПХ,1
ГПК,1
концы,1
копытце,1
Вороновское,1
ла,1
Всеволожского,1
лагерь,1
лагеря,1
Всеволожск,1
левой,1
лента,1
лес,1
лесничества,1
лесного,1
лесной,1
Фрезерная,1
Воткинский,1
Вот,1
Вострикова,1
лиственницы,1
Восточно,1
лицензионный,1
логистических,1
лодочной,1
лодочный,1
лыжник,1
Ворсма,1
Ворошиловский,1
Ворошилова,1
Ворот,1
Воронцовская,1
Воронцов,1
лаборатория,1
Всемирной,1
корона,1
кфх,1
Выселки,1
корпорация,1
Вырицкое,1
Выкопанка,1
кот,1
котел,1
Выездной,1
краевой,1
краски,1
красная,1
Выгодная,1
крепость,1
Вуокса,1
Вулканная,1
Вторчермета,1
крым,1
Вторчермет,1
культур,1
Встреча,1
Всехсвятская,1
культурный,1
Всех,1
купола,1
кур,1
курорта,1
курсовой,1
куст,1
Вертикаль,1
Вероника,1
Вернисаж,1
погибших,1
Борода,1
подруг,1
Боровское,1
Боровский,1
Боровичи,1
поезд,1
пожарного,1
Борисоглебск,1
Борисовские,1
покрытий,1
Борисовича,1
Борисова,1
полем,1
Бориса,1
Бондарский,1
Бондаренко,1
Большеохтинский,1
полотна,1
Большевистская,1
Большакова,1
Больницы,1
поляны,1
Болотниковская,1
Болельщиков,1
Бокс,1
Бокинский,1
Бойцовский,1
подкова,1
Бородинский,1
порт,1
Борсоева,1
перекресток,1
Будапештская,1
Бугульминского,1
перераспределения,1
Бугульминский,1
Брянские,1
Брусника,1
пещера,1
Бронницкий,1
писателей,1
Бронзовый,1
питьевой,1
Брода,1
Бристоль,1
Бригантина,1
Бригад,1
плато,1
Бреста,1
Братья,1
плитные,1
плотина,1
Братство,1
Бочкова,1
Ботанический,1
Ботаника,1
пляж,1
Босова,1
Бойцовая,1
порта,1
Верзилово,1
престарелых,1
Благодатный,1
привал,1
Благодатная,1
Благовещенский,1
природная,1
Бирюлёвская,1
Бирюлевская,1
Бирюзова,1
Биробиджан,1
причалы,1
Биржа,1
Биосфера,1
Биологический,1
Бизон,1
Библиотечный,1
Бибиревская,1
Бетта,1
Бетонщиков,1
Бетонный,1
Беслан,1
Берёзовский,1
Берёзовка,1
Берёзовая,1
производственных,1
Берёзка,1
Бернская,1
Березовой,1
Благоева,1
Благородный,1
Бойцов,1
президента,1
Бойко,1
Боевая,1
Бодров,1
Богородское,1
Богородский,1
Богородская,1
Богородицкого,1
Богородицкий,1
поста,1
Богомолова,1
Боголюбский,1
поток,1
Богатырь,1
Богатырский,1
Богатырская,1
Богандинский,1
Бобёр,1
Бобры,1
правда,1
Бобруйский,1
Бобровские,1
Блюхера,1
правый,1
пред,1
Блинкова,1
Близкий,1
Блестящая,1
переезда,1
переезд,1
Буденновск,1
Вары,1
Варламова,1
овощи,1
огня,1
огород,1
огороднического,1
огородов,1
Ванцети,1
оздоровительная,1
оздоровительного,1
Ванда,1
озеленения,1
озер,1
Ван,1
Валиханова,1
озером,1
Валерьевича,1
Валентин,1
Валеева,1
окружной,1
октябрь,1
Вагжановский,1
Вавилово,1
Вавилова,1
ВЧ,1
ВФСО,1
оптово,1
опытной,1
Варфоломеева,1
объединённого,1
перегрузке,1
Васенко,1
Верейская,1
Верда,1
оборона,1
Вербовая,1
Вербилки,1
обр,1
Венец,1
Великолукский,1
Велес,1
Век,1
Вега,1
образовательный,1
Вдоль,1
Введенского,1
Введенская,1
Вахитова,1
Ватутина,1
Ватная,1
Васюка,1
Васильковская,1
Васильевский,1
Васильевская,1
Васильевой,1
Василий,1
Василеостровский,1
Василеостровская,1
Васи,1
опытный,1
ВПУ,1
ордена,1
орешек,1
памятник,1
памятника,1
пандемией,1
Бумажная,1
Бульварная,1
Буль,1
Булгакова,1
парковая,1
партер,1
партизан,1
Булатова,1
Букет,1
Бука,1
парус,1
паруса,1
пасеке,1
Буинский,1
патриотического,1
пашни,1
Бузулукский,1
педагогического,1
Бузулук,1
Будущее,1
Будущего,1
Буденного,1
Буденновский,1
перевал,1
палата,1
Бунина,1
Бурата,1
Быстрая,1
ВОЛГА,1
ВЛ,1
ост,1
ВИЗ,1
ВЕСТ,1
ВЕГА,1
ВВС,1
ВВП,1
ВАЗ,1
Бэс,1
Бычков,1
Быстрое,1
Бучневой,1
Бурашевское,1
Бухтоярова,1
отечества,1
Бутырский,1
Бутырская,1
отряда,1
Бутон,1
Бурцева,1
охота,1
охотников,1
Буровой,1
Буровая,1
очаг,1
Фридриха,1
Иванин,1
Фрезер,1
Лес,1
Летающий,1
Полония,1
Полоса,1
Полтавская,1
Полухин,1
Польская,1
Полюс,1
Лесопарковая,1
Поляковское,1
Лесные,1
Помещение,1
Поморцева,1
Лескова,1
Лермонтовская,1
Летниковская,1
Пономарева,1
Поозерье,1
Лепи,1
Попова,1
Пополитова,1
Поречная,1
Лепель,1
Леонтьева,1
Леонова,1
Посадка,1
Посадская,1
Леона,1
Поселение,1
Летная,1
Полка,1
Последняя,1
Покровка,1
Подрезково,1
Подряд,1
Пожарная,1
Пожарной,1
Пожарского,1
Поземского,1
Липовая,1
Позиции,1
Поинт,1
Липкина,1
Показаньева,1
Линии,1
Покрова,1
Покровская,1
Лечебная,1
Покровской,1
Лик,1
Полазна,1
Лиды,1
Ливны,1
Полевской,1
Полесье,1
Полигон,1
Полиграфия,1
Лечебный,1
Полимерная,1
Полина,1
Политбойцов,1
Посланников,1
Ленком,1
Подольская,1
Прибрежный,1
Председателя,1
Лебедянское,1
Лебедь,1
Лебедев,1
Ласточка,1
Лапшин,1
Лапушка,1
Пресня,1
Пресс,1
Лаптиев,1
Ландшафтная,1
Лайн,1
Приборостроительная,1
Привалова,1
Левашово,1
Привет,1
Лайки,1
Пригородная,1
Лаишевский,1
Придорожная,1
Приемная,1
Приисковый,1
Прикамье,1
Прима,1
Лазо,1
Приморского,1
Приозерск,1
Приозерский,1
Лебедянь,1
Предпринимателей,1
Ленинского,1
Ленинград,1
Постовского,1
Ленинские,1
Посёлок,1
Потаповская,1
Потенциал,1
Поток,1
Ленинск,1
Лениногорский,1
Почтовое,1
Почтовой,1
Ленинграда,1
Поэтическая,1
Поэтический,1
Правая,1
Предгорный,1
Лена,1
Лежневская,1
Легкое,1
Левша,1
Левченко,1
Правое,1
Левонабережная,1
Левобережная,1
Левин,1
Правый,1
Прага,1
Практика,1
Предварительный,1
Подорожная,1
Лисица,1
Природа,1
Песни,1
Переходникова,1
Лунгу,1
Лулу,1
Лукьянова,1
Лукоморье,1
Лукинская,1
Перовская,1
Перовское,1
Персик,1
Лукино,1
Лужники,1
Першин,1
Песковская,1
Песок,1
Луховицы,1
Пестово,1
Пестречинский,1
Лужнецкая,1
Песчаный,1
Луговое,1
Петербургская,1
Луговая,1
Луганская,1
Луганск,1
Петергофское,1
Петина,1
Лощинская,1
Лоцман,1
Лутфуллина,1
Перервинский,1
Петрикова,1
Львов,1
Люсиновская,1
Партнёр,1
Людиново,1
Пархоменко,1
Паршина,1
Патриот,1
Пацаева,1
Пашин,1
Пашковой,1
Пеликан,1
Львы,1
Пензы,1
Львовская,1
Первого,1
Переправа,1
Лысьва,1
Лыкова,1
Лучший,1
Лучшая,1
Перевал,1
Переведеновский,1
Переверткина,1
Перевоз,1
Перегон,1
Перегородка,1
Лучистый,1
Лучик,1
Перекопская,1
Петракова,1
Лотос,1
Лисицын,1
Литейный,1
Лобненская,1
Лобачевского,1
Пласт,1
Пластуновская,1
Платиновый,1
Платова,1
Платонов,1
Лицей,1
Плехановская,1
Плещеева,1
Плотникова,1
Лифляндская,1
Литовская,1
Литвиновой,1
Пичугина,1
Победа,1
Литвинов,1
Поварня,1
АБА,1
Поволжский,1
Лисьи,1
Лиственный,1
Подарок,1
Лиственница,1
Лист,1
Лискинский,1
Подкова,1
Подмосковье,1
Пищевая,1
Лобов,1
Лосев,1
Печи,1
Петровичева,1
Лопатина,1
Петровны,1
Петровская,1
Петровский,1
Лопатин,1
Петроградская,1
Лоо,1
Петрозаводская,1
Ломоносовский,1
Петруни,1
Петухова,1
Печати,1
Печная,1
Питер,1
Пешкова,1
Пилюгина,1
Пионер,1
Локомотивный,1
Пирамиды,1
Лодочный,1
Пироговская,1
Лодочной,1
Писемский,1
Логи,1
Ловец,1
Письменский,1
Пит,1
Приокская,1
Пристанская,1
Лямина,1
Рено,1
Режевская,1
Резервная,1
Резервное,1
Крюков,1
Рейдовая,1
Крымский,1
Крылов,1
Кружева,1
Рельеф,1
Рем,1
Кругляк,1
Ремонтник,1
Ренессанс,1
Репина,1
Крючков,1
Круглый,1
Кропоткина,1
Республик,1
Кропоткин,1
Кронштадтский,1
Республиканский,1
Республиканское,1
Кронштадт,1
Кромское,1
Крокус,1
Кровля,1
Кровельный,1
Кровельная,1
Крюкова,1
Редут,1
Речка,1
Рапид,1
Кузина,1
Разумная,1
Кузбасской,1
Райниса,1
Кузбасская,1
Районный,1
Райские,1
Рамазанова,1
Раменская,1
Кудряшова,1
Кудрово,1
Раннее,1
Ранний,1
Расковой,1
Кстово,1
Рассветный,1
Рассоха,1
Кудина,1
Расторгуевъ,1
Расулова,1
Рахмановский,1
Реабилитационный,1
Кубинская,1
Кубань,1
Революционная,1
Кубанка,1
Регата,1
Кстовский,1
Реформа,1
Речная,1
Разина,1
Роста,1
Кредитный,1
Крауля,1
Ромашкино,1
Рославль,1
Рословка,1
Россельхозбанк,1
Краузе,1
Красоты,1
Красота,1
Красноярская,1
Краснофлотская,1
Россошанский,1
Россошь,1
Ростелекома,1
Романово,1
Краснопролетарская,1
Краснолесье,1
Ростовский,1
Ростовское,1
Краснокамск,1
Красноказарменная,1
Красной,1
Краснодонская,1
Рощи,1
Рощино,1
Рощинская,1
Рощинский,1
Рубаненко,1
Романовой,1
Романов,1
Решеты,1
Родителей,1
Ржевка,1
Ржевский,1
Ривер,1
Рижская,1
Кривов,1
Римини,1
Ринг,1
Крестьянская,1
Ритм,1
Риф,1
Рог,1
Рогожский,1
Родионова,1
Крестьянина,1
Крепкий,1
Крестовский,1
Крестинского,1
Родные,1
Родовая,1
Родонитовый,1
Рождественка,1
Креста,1
Крест,1
Рождественского,1
Рождество,1
Рожкова,1
Роза,1
Крепость,1
Разночинная,1
Раздольная,1
Приходько,1
Профсоюзный,1
Просвещение,1
ЛПУ,1
ЛЕСНАЯ,1
Кызыл,1
Просторная,1
Просторы,1
Простые,1
Кучино,1
Профессионал,1
Профессиональная,1
Профессиональное,1
Кухня,1
Кутузовская,1
Профсоюзов,1
Промышленные,1
Прохладненская,1
Прохладный,1
Кутовой,1
Прусакова,1
Прыгунова,1
Прямое,1
Пряникова,1
Психиатр,1
Кусковская,1
Кусково,1
Курченко,1
Птичий,1
Пугачёв,1
Пронина,1
Лабораторный,1
Курс,1
Проектная,1
Приютненский,1
Приёмная,1
Лазаренко,1
Проводник,1
Программистов,1
Программная,1
Программный,1
Прогресс,1
Прогрессивный,1
Продактс,1
Лазарево,1
Ладья,1
Проектируемый,1
Ладожский,1
Лабутина,1
Лагутин,1
Производственной,1
Производственный,1
Лагуна,1
Прокат,1
Лаго,1
Прокофьева,1
Прокшино,1
Лавочкина,1
Пролетарский,1
Пролетарской,1
Прометей,1
Лабытнанги,1
Пугачёвская,1
Курочкино,1
Разгонов,1
Рабоче,1
Кулинарная,1
РТК,1
Куликовская,1
РУС,1
Куликовка,1
Кулибина,1
Кулакова,1
Кулаков,1
Рабаданова,1
Кукольный,1
Кукморский,1
Кузьмолово,1
Кузьминки,1
Рабочее,1
РСТ,1
Рабочей,1
Кузьмин,1
Кузоваткина,1
Радио,1
Радионова,1
Радиостанция,1
Кузнечная,1
Радужная,1
Радужный,1
Раевского,1
Развилка,1
Кузнецы,1
Кузнецовой,1
Кулон,1
Кульман,1
Путевая,1
Пятигорская,1
Курочкина,1
Курорт,1
Пучкова,1
Куровское,1
Курина,1
Курганский,1
Курганово,1
Курбатов,1
Пчеловод,1
Пчёлка,1
Пышма,1
Купцов,1
Пятигорска,1
Пятигорское,1
РМЗ,1
Куприянова,1
Купавна,1
Купава,1
Куньинский,1
Кунцево,1
РАН,1
Куникова,1
Кунгур,1
РИО,1
РИТМ,1
РИФ,1
Культурный,1
Культурная,1
Ля,1
Партия,1
Рубикон,1
Новоажимова,1
Нина,1
Нобеля,1
Нова,1
Новатор,1
Минаева,1
Милованова,1
Новгородцевой,1
Миллионная,1
Новиковой,1
Миллениум,1
Новинская,1
Микс,1
Микрорайон,1
Новоалександровка,1
Никулино,1
Новоалексеевская,1
Нововладыкинский,1
Новогоднее,1
Новогодние,1
Новодворский,1
Новодмитриевская,1
Микрон,1
Микро,1
Новожилова,1
Новозаводская,1
Новоколомяжский,1
Новокосинская,1
Новокосулино,1
Никулинская,1
Минобразования,1
Новокузнецкая,1
Мисайлово,1
Михайловское,1
Нефтеюганское,1
Нефтяников,1
Нехаева,1
Нечаев,1
Михайловск,1
Нижне,1
Михайловка,1
Нижнее,1
Михайлов,1
Митрофанов,1
Митинская,1
Никаева,1
Миру,1
Никольское,1
Никитинская,1
Никиты,1
Николаев,1
Николаева,1
Миронова,1
Мирный,1
Николаевка,1
Минусинская,1
Николин,1
Николоямская,1
Никольская,1
Никольский,1
Никольского,1
Мечты,1
Новокузнецкий,1
Нефтезаводская,1
ОЛ,1
Мемориал,1
Мельничная,1
Нурлатский,1
Нытва,1
Мельница,1
Мельникова,1
Мельковский,1
ОВК,1
ОГ,1
ОГУП,1
Мелиоративная,1
Меланжист,1
ОКБ,1
Меланжевая,1
Носки,1
Мезмай,1
ОПУ,1
ОСТ,1
Между,1
ОФ,1
Медтехника,1
Медниковская,1
Оазис,1
Обводный,1
Обл,1
Облака,1
Области,1
Областная,1
Менделеевский,1
Нос,1
Мечта,1
Новостроительная,1
Новокуркинское,1
Новолисиха,1
Новомещерский,1
Мечеть,1
Новопортовская,1
Новопортовской,1
Новорижское,1
Новороссийская,1
Новороссийской,1
Новоселов,1
Новоселовка,1
Металлоконструкций,1
Металлическая,1
Новостроя,1
Мензелинский,1
Новоторжская,1
Новоурицкая,1
Новохохловская,1
Месяц,1
Новочеремушкинская,1
Мерлина,1
Новочеркасская,1
Новочеркасский,1
Новошешминский,1
Мервинская,1
Ногинский,1
Мера,1
Норд,1
Михалева,1
Нефтегазовая,1
Медвежата,1
Моршанское,1
НИИ,1
Мостовицкая,1
НИКА,1
Мост,1
НМП,1
Московские,1
Москворецкий,1
Москворецкая,1
Москвичка,1
Моск,1
Мосина,1
Мос,1
НС,1
НСТ,1
Мостовка,1
Морского,1
Морская,1
Морозовские,1
Набережночелнинский,1
Набережный,1
Навигация,1
Мороз,1
Нагатинский,1
Нагорная,1
Нагорное,1
Море,1
Над,1
Мордовская,1
НЕБО,1
Мостовой,1
Надеждинск,1
Мусульманская,1
Муравский,1
Муравского,1
Муравьев,1
Музея,1
Мурадяна,1
Мурашова,1
Мурино,1
Музей,1
Муза,1
Мурманского,1
Мужества,1
Мурта,1
Муслюмовский,1
Мусы,1
НВ,1
Мухина,1
Мухиной,1
Мухлаева,1
Мыски,1
Мысхакское,1
Мочищенское,1
Моховая,1
Мытищинский,1
Мохов,1
Мясникова,1
Моторное,1
Мясной,1
Мото,1
Надеждина,1
Надежды,1
Нескучный,1
Незлобная,1
Мода,1
Небесный,1
Нева,1
Невада,1
Неверовский,1
Невинномысск,1
Невская,1
Мо,1
Неглинная,1
Многопрофильный,1
Млечный,1
Нежный,1
Независимости,1
Неизвестный,1
Можайское,1
Неклиновский,1
Мкр,1
Некоммерческое,1
Нектар,1
Немецкая,1
Немировича,1
Немчиновка,1
Мишин,1
Необходимый,1
Непокоренных,1
Нептун,1
Нерха,1
Нерюнгри,1
Модная,1
Национального,1
Надибаидзе,1
Нартова,1
Надым,1
Назарбаева,1
Монтажник,1
Найдено,1
Наки,1
Монблан,1
Нарва,1
Нарвская,1
Наримановский,1
Монастырка,1
Народная,1
Момент,1
Народов,1
Наставников,1
Мойки,1
Молоток,1
Насыри,1
Молодёжный,1
Наука,1
Наумова,1
Наумовой,1
Молодогвардейская,1
Научного,1
Научные,1
Нахабина,1
Молодая,1
Молдагуловой,1
Находкинский,1
Медик,1
Медведицы,1
Лёни,1
Макеевой,1
Макуева,1
Максимова,1
Отечества,1
Максимов,1
Открытое,1
Маклина,1
Отличный,1
Отрадная,1
Отрадное,1
Маклакова,1
Офицерская,1
Макетная,1
Охота,1
Ощепкова,1
Отделения,1
Макарова,1
ПАК,1
Мак,1
ПАРК,1
ПБ,1
ПГС,1
ПИК,1
ПИР,1
Майский,1
ПКП,1
Майна,1
Майл,1
Майкопский,1
Отделка,1
Малахит,1
ПОЛЯНА,1
Осиново,1
Малое,1
Орская,1
Орто,1
Ортопед,1
Оружейный,1
Малодетскосельский,1
Орёл,1
Оса,1
Маловишерская,1
Осенний,1
Осенняя,1
Осень,1
Мало,1
Малковский,1
Малахитовая,1
Оскольский,1
Основа,1
Малкова,1
Малиновского,1
Малиновка,1
Маленькая,1
Остаповский,1
Остров,1
Маленковская,1
Малевича,1
Островцы,1
Малаховка,1
Ответственная,1
Май,1
Маерчака,1
Орловская,1
Панькова,1
Памирская,1
Память,1
Панель,1
Панельный,1
МИС,1
Панова,1
Панорама,1
МЗК,1
Пансионата,1
Пансионате,1
Панфилова,1
МЗ,1
Панченко,1
Пара,1
Палкин,1
Параллельная,1
МГТУ,1
Париж,1
Парижской,1
МГК,1
Парка,1
Паркинг,1
МБ,1
Парковка,1
Парковый,1
МАСТЕР,1
Партизана,1
Партии,1
Палкино,1
Палиха,1
ППС,1
Павло,1
ППУ,1
Магнит,1
Магнезит,1
ПСМ,1
Маар,1
ПТК,1
ПУ,1
ПФ,1
ПХ,1
ПЭП,1
МТК,1
МСП,1
Павленко,1
МРСК,1
Палий,1
МПК,1
Павловича,1
Павловичем,1
МОПР,1
МОО,1
МОНИТОР,1
Павловской,1
МН,1
МКК,1
Палатки,1
Палаты,1
Палашевский,1
Палехская,1
Орловской,1
Маломосковская,1
Оборина,1
Озерный,1
Овчинниковой,1
Матвеевича,1
Огнеупорный,1
Огнеупорщиков,1
Огни,1
Огород,1
Огородный,1
Одесская,1
Мастерских,1
Мастерок,1
Мастеркова,1
Озерки,1
Озерная,1
Озеро,1
Овчинников,1
Озерск,1
Мастера,1
Ок,1
Маслов,1
Масленка,1
Маскина,1
Марья,1
Оконный,1
Марьинский,1
Окружной,1
Марьино,1
Оксаны,1
Окские,1
Овчинникова,1
Овчарка,1
Марьин,1
Маэстро,1
Обороны,1
Медведева,1
Медведев,1
Образцово,1
Обручева,1
Обская,1
Обской,1
Мега,1
Обухово,1
Обуховской,1
Маяковский,1
Маяковская,1
Общеобразовательная,1
Машкин,1
Мате,1
Машиностроительная,1
Машиностроитель,1
Машинный,1
Машинная,1
Общий,1
Община,1
Маша,1
Матросовская,1
Объездная,1
Матросова,1
Матроса,1
Овражная,1
Матери,1
Октава,1
Маршрут,1
Орленок,1
Мальцева,1
Операции,1
Оптика,1
Оптиков,1
Маметовой,1
Оптовик,1
Оптово,1
Опыт,1
Оранжевая,1
Мамайка,1
Орбитальная,1
Мамай,1
Мамаев,1
Мамадышский,1
Оргстекло,1
Мандал,1
Орден,1
Орджоникидзевский,1
Ордынский,1
Малых,1
Оренбурга,1
Малоярославецкий,1
Малоярославец,1
Малоэтажной,1
Ореховый,1
Оригинал,1
Малоэтажная,1
Малоохтинский,1
Орифлэйм,1
Манаса,1
Маневровая,1
Октябрьское,1
Олимпийской,1
Маршака,1
Марченко,1
Окулова,1
Окуловская,1
Марципан,1
Марушкино,1
Олеговича,1
Оленев,1
Олений,1
Олеся,1
Мартемьянова,1
Олимпийская,1
Олимпийский,1
Олимпия,1
Мансийского,1
Марпосадское,1
Маркова,1
Ольгино,1
Ольховая,1
Ольховка,1
Мариупольский,1
Омский,1
Маншук,1
Онда,1
Онегина,1
Онежская,1
Онежский,1
Онежской,1
Рубеж,1
Рублево,1
Фреза,1
Казанское,1
Калач,1
Калараша,1
Твой,1
Кайбицкий,1
Творческий,1
Каи,1
Театра,1
Казино,1
Казачья,1
Казачий,1
Казацкая,1
Казахстанский,1
Телевизорная,1
Казанская,1
Калачев,1
Темерницкая,1
Тен,1
Тенистой,1
Теплицы,1
Кадомцева,1
Тепловой,1
Тепловые,1
Кадниково,1
Тер,1
Терентьева,1
Терехов,1
Кадастр,1
Кавалерийская,1
Тверского,1
Тверитина,1
Тестовый,1
Тара,1
Талажское,1
Талдом,1
Талдомский,1
Таллинская,1
Таллинское,1
Талнахская,1
Таманская,1
Калиновка,1
Тамары,1
Калининой,1
Тамбова,1
Калининградский,1
Танцы,1
Тархана,1
Таштагольский,1
Татаро,1
Татарская,1
Калинин,1
Татищев,1
Татищевский,1
Татнефть,1
Тату,1
Калибр,1
Тау,1
Тауэр,1
Тахтамукайский,1
Ташкент,1
Калашников,1
Теряево,1
Тетерино,1
Калиновский,1
Той,1
Тихомировой,1
Тихонов,1
Тихоокеанская,1
Итальянская,1
Ткач,1
Исхакова,1
Ткачик,1
Истринское,1
Историк,1
Товарная,1
Товарно,1
Исполнительный,1
Тодуа,1
Токарева,1
Июль,1
Толбухина,1
Толмачева,1
Толстов,1
Исполнения,1
Испанский,1
Испания,1
Исмагилов,1
Исламская,1
Томской,1
Томчака,1
Ислам,1
Топ,1
Тополево,1
Тихомирова,1
Июльская,1
Тетюшский,1
Техснаб,1
Тех,1
Техник,1
Кабардинка,1
КФХ,1
КСТ,1
КСП,1
КСК,1
КРС,1
Технологий,1
Технологический,1
КОМПЛЕКС,1
Технолоджи,1
Технопарковая,1
КМВ,1
Июльский,1
ККП,1
КГС,1
Тимонин,1
Тимофея,1
Тимохово,1
КАС,1
Тимуровцев,1
Типанова,1
Типовая,1
КАМАЗ,1
КАМА,1
Титаренко,1
Титов,1
Таксимо,1
Тайшет,1
Искусство,1
Стромынка,1
Стрижи,1
Строганова,1
Караша,1
Карачевское,1
Карачевский,1
Строительного,1
Строительной,1
Карачев,1
Карачаево,1
Стройка,1
Стройкомбинат,1
Стройкомплект,1
Караульная,1
Строп,1
Стрельцова,1
Студеный,1
Стул,1
Караулова,1
Карасева,1
Сувенирная,1
Карамалы,1
Суворовская,1
Суворовский,1
Караганда,1
Судак,1
Кар,1
Судакова,1
Судейская,1
Стремление,1
Стрельникова,1
Суздальский,1
Карловы,1
Стекломонтаж,1
Стекольная,1
Стелла,1
Карс,1
Карповки,1
Степаненко,1
Карпова,1
Степановна,1
Карпов,1
Стильный,1
Стимул,1
Карловых,1
Столичная,1
Столярный,1
Стрелков,1
Каркасный,1
Карина,1
Кариатида,1
Стофато,1
Карельский,1
Карелин,1
Стратонавтов,1
Карелии,1
Кардиолог,1
Кардан,1
Стрела,1
Кард,1
Стрелки,1
Суздальская,1
Суздальцевой,1
Тайнинская,1
ТРИ,1
ТВЧ,1
Камышинская,1
ТЕРЕМОК,1
Камско,1
Камни,1
ТОВАРИЩЕСТВО,1
Каммаева,1
Каменщиков,1
ТОР,1
ТОС,1
Камено,1
ТПП,1
Каменные,1
Каменноостровский,1
ТАСС,1
ТСК,1
ТСН,1
Калюжина,1
ТУР,1
Кальтино,1
Табачные,1
Калмыков,1
Таганская,1
Таганский,1
Калмыкия,1
Тайба,1
Тайгинская,1
Тайлакова,1
Кан,1
ТА,1
Сукко,1
Канский,1
Сулейманова,1
Сулейменова,1
Сулима,1
Капицы,1
Сумская,1
Капитанов,1
Суппорт,1
Капельский,1
Каньон,1
Суслова,1
Сухарева,1
Сухие,1
Сухих,1
Суходольский,1
Канала,1
Сухонский,1
Сухоны,1
Сущевский,1
Канск,1
Сущёвский,1
Кандинский,1
Счастливые,1
Счастье,1
Кандагар,1
Канатчиковский,1
Сыромятническая,1
Сычева,1
Сююмбике,1
Торг,1
Торговли,1
Стачки,1
Зырянова,1
Иванилова,1
ИТАР,1
Учебное,1
Учеников,1
Учи,1
Учителей,1
Учительская,1
Учителя,1
ИГ,1
Учхоз,1
Учётная,1
Учётный,1
Ушайка,1
Ущелье,1
Ивановича,1
Ущерб,1
Уют,1
Уютный,1
Зыкова,1
Зубчаниновка,1
Зубковой,1
Зубкова,1
Зубарева,1
Зорь,1
ФКУ,1
ФСК,1
Зоологическая,1
Зоны,1
Иванина,1
Уфимский,1
Золоторожский,1
Игошина,1
Умелец,1
Унеча,1
Измайлово,1
Измайлова,1
Университетская,1
Известия,1
Избирателей,1
Управленческий,1
УрО,1
Ижорская,1
Урала,1
Идеальная,1
Игрушка,1
Урицкого,1
Уткина,1
Урманче,1
Игнатов,1
Иволга,1
Иванцов,1
Усинск,1
Усманова,1
Усов,1
Усово,1
Успенская,1
Успешная,1
Ивановское,1
Ивановский,1
Устьинский,1
Фабричная,1
Факел,1
Ульяновский,1
Фобос,1
Филиппова,1
Филоновой,1
Фильм,1
Зима,1
Финансовое,1
Земскова,1
Финский,1
Фиолентовское,1
Земский,1
Фирстова,1
Фламинго,1
Флора,1
Флотская,1
Фоменко,1
Филино,1
Фомин,1
Земляничная,1
Земли,1
Земледельческая,1
Земеца,1
Зелёные,1
Форест,1
Зелёная,1
Формула,1
Форсаж,1
Фортунатовская,1
Зеленоградская,1
Зеленоградск,1
Зимин,1
Филиала,1
Золотое,1
Федорова,1
Золина,1
Фантастика,1
Фасад,1
Зодиакальный,1
Зодиак,1
Знаний,1
Федеральное,1
Знамя,1
Знаменский,1
Федеративная,1
Знаменская,1
Федора,1
Златоустинский,1
Федоровское,1
Зимняя,1
Федосеенко,1
Федотов,1
Фемина,1
Феникс,1
Феодосийская,1
Феодосия,1
Ферганская,1
Фермерские,1
Зиновьева,1
Фея,1
Физическая,1
Физкультурника,1
Зимы,1
Уманский,1
Измайловское,1
Торговля,1
Трошина,1
Интегра,1
Инструментальная,1
Институтский,1
Тринити,1
Трио,1
Иноземцевское,1
Трифоновская,1
Трнавская,1
Инициаторов,1
Инициативная,1
Троллейбус,1
Троллейбусная,1
Инициатива,1
Троян,1
Третья,1
Трубецкая,1
Трубниковский,1
Труд,1
Инженерный,1
Трудовое,1
Инженерные,1
Трунина,1
Трёх,1
Инженерная,1
Туапсинский,1
Тубы,1
Тувинская,1
Тукаевский,1
Третьяковой,1
Интеллект,1
Индустрия,1
Ирэн,1
Искры,1
Исетский,1
Торговое,1
Исаково,1
Тореза,1
Торжок,1
Торосова,1
Торфяная,1
Тосина,1
Исакова,1
Тосно,1
Исаев,1
Точки,1
Тракт,1
Интерьер,1
Ирьянова,1
Иртек,1
Трамплин,1
Транзистор,1
Ириновский,1
Транспорта,1
Ирбитский,1
Транспортников,1
Ипподромская,1
Транспортный,1
Траст,1
Ионова,1
Трек,1
Иней,1
Тульский,1
Изоплит,1
Удельная,1
Ильюшина,1
УМС,1
УНЦ,1
УР,1
УРАЛ,1
Ильменский,1
Уборка,1
Угарова,1
Угловое,1
Уголь,1
Угрешский,1
Ударник,1
Удачный,1
Ильинское,1
Им,1
Удобно,1
Ильинский,1
Ужгород,1
Ильинская,1
Ильиной,1
Ильи,1
Уктус,1
Икс,1
Изюмская,1
Уланский,1
Улесье,1
Улитина,1
Улитка,1
Илюхина,1
УВД,1
Туполева,1
Турухтанные,1
Индустрии,1
Турбинная,1
Турбо,1
Тургеневский,1
Турецкий,1
Туринская,1
Индивидуальных,1
Индивидуальное,1
Инд,1
Туристов,1
Ингушетия,1
Инвесторов,1
Турс,1
Инвестор,1
УАЗ,1
Тут,1
Туфана,1
Тухачевского,1
Тушино,1
Ты,1
Тыва,1
Тэцевская,1
Тюлячинский,1
Иманова,1
Тюнинг,1
Тюшина,1
Тёплый,1
Имама,1
Стеклозаводское,1
Стачек,1
Краснова,1
Саровский,1
Сапфир,1
Копейское,1
Сарапул,1
Кооперативная,1
Коньково,1
Саратовского,1
Саратовское,1
Саратовцева,1
Сармановский,1
Сармат,1
Сарментовой,1
Конышева,1
Саровская,1
Сары,1
Копи,1
Сателлит,1
Сатка,1
Концерн,1
Сауна,1
Сафиуллина,1
Контур,1
Саха,1
Сахалин,1
Сахалинский,1
Сахарная,1
Конструктор,1
Сахьяновой,1
Саянск,1
Сапсан,1
Санфировой,1
Сбербанка,1
Кореновская,1
Салехард,1
Салиха,1
Салмышская,1
Салова,1
Салтыковка,1
Сальск,1
Салюта,1
Коржевское,1
Сама,1
Коржевский,1
Самаринская,1
Кореновский,1
Самарской,1
Самойлов,1
Копнина,1
Самойлова,1
Самотечная,1
Кореновск,1
Коренного,1
Самоцветы,1
Сампо,1
Корвет,1
Корабельная,1
Коптевский,1
Санатория,1
Санитар,1
Копотилова,1
Санникова,1
Константиновская,1
Константинова,1
Салда,1
Сейфуллина,1
Композиторская,1
Композиторов,1
Северном,1
Комплект,1
Компенсация,1
Компан,1
Северская,1
Северский,1
Северянин,1
Седина,1
Седов,1
Комова,1
Седьмое,1
Секция,1
Севастьянова,1
Селезневская,1
Селезнёва,1
Селецкого,1
Сельгикова,1
Коммерческая,1
Сельское,1
Сельхозтехника,1
Селятино,1
Семафорная,1
Семашко,1
Семейные,1
Семейный,1
Семен,1
Компрессорный,1
Комфортный,1
Сборщик,1
Светотехника,1
Сбыт,1
Свадебная,1
Константа,1
Конотопская,1
Коновалов,1
Свердловское,1
Конный,1
Света,1
Конной,1
Конева,1
Светлица,1
Конев,1
Светлый,1
Свирская,1
Конаковский,1
Кондрашова,1
Свободная,1
Свободное,1
Свободный,1
Кондратьевский,1
Свое,1
Кондратенко,1
Кондакова,1
Связной,1
Конверсия,1
Свято,1
Святослава,1
Святые,1
Сале,1
Салганская,1
Семенов,1
Рысь,1
Рыбака,1
Рыбалка,1
Кочеткова,1
Кочегарова,1
Рыбинская,1
Котляковский,1
Рыбки,1
Рыбно,1
Рыбный,1
Рылеева,1
Рыльский,1
Рыльского,1
Рынок,1
Котляковская,1
Рустема,1
Рябиновый,1
Рябовское,1
Рябцева,1
Рябышева,1
Ряд,1
Котлас,1
Котельникова,1
Рязанское,1
Котельники,1
САДОВАЯ,1
САМ,1
Косухина,1
Косуля,1
Кочкин,1
Рустам,1
СВС,1
Красноармейский,1
Рубцов,1
Рубцовск,1
Руденко,1
Рудневка,1
Рудный,1
Рудня,1
Рудокопровая,1
Красноборская,1
Рузаевка,1
Рукавишникова,1
Рультытегина,1
Румянцева,1
Румянцево,1
Красковский,1
Руставели,1
Красково,1
Русакова,1
Русаковская,1
Красина,1
Русановская,1
Руская,1
Красивое,1
Крайняя,1
Крайний,1
Кравец,1
Кр,1
Кошурникова,1
Кошкин,1
СВЕТ,1
Косулинские,1
Саларьево,1
Савёловский,1
Корпус,1
СТУ,1
СХП,1
Саба,1
Сабинина,1
Сабинский,1
Коротков,1
Саввин,1
Савельев,1
Савин,1
Савина,1
Савинский,1
Савицкая,1
Королёв,1
Корреспондентский,1
Сада,1
Садик,1
Королевский,1
Коробкина,1
Садон,1
Садыка,1
Садыковой,1
Саенко,1
Сазанова,1
Сайга,1
Сайдашева,1
Сакко,1
Сакура,1
СТД,1
СТ,1
СДК,1
СН,1
Косулино,1
СЗ,1
СИ,1
СИЗ,1
Костромской,1
СКАЛА,1
СКИФ,1
СКП,1
СКС,1
Костромская,1
СМК,1
Костомукша,1
Коста,1
Космос,1
ССТ,1
Космодемьянской,1
СОВЕТСКАЯ,1
СОЛНЕЧНЫЙ,1
Космодемьянского,1
Космический,1
СПЛАВ,1
СПП,1
СПС,1
СПУ,1
Корчёмкина,1
СРМ,1
СС,1
Корсар,1
Семененко,1
Семеновой,1
Стасовой,1
Сортировка,1
Соль,1
Соляная,1
Сон,1
Соната,1
Сони,1
Сонино,1
Сообщество,1
Сорок,1
Сорокин,1
Кири,1
Сорокиной,1
Сорокины,1
Сорт,1
Сортировочный,1
Соломина,1
Сосенки,1
Киржачский,1
Сосновый,1
Сотников,1
Киреева,1
Сотрудников,1
Киреев,1
Кинотеатра,1
Соц,1
Социалистического,1
Кинешма,1
Социально,1
Социальный,1
Кирилловка,1
Соловьёв,1
Сочинская,1
Сократ,1
Современный,1
Совхозная,1
Совхозный,1
Совята,1
Киселев,1
Кирсанова,1
Содействие,1
Кирочная,1
Кировской,1
Соколиной,1
Кировградский,1
Соколовая,1
Сокольская,1
Солдатов,1
Соловьиный,1
Соликамск,1
Кириши,1
Кириченко,1
Солнечногорский,1
Кирилловское,1
Солнца,1
Солнце,1
Солнцев,1
Солнцево,1
Солнцевский,1
Солнышко,1
Соловых,1
Соловьи,1
Кинешемский,1
Кимовский,1
Современник,1
Каспий,1
Кац,1
Стандартный,1
Кафе,1
Станиславского,1
Станица,1
Станке,1
Станко,1
Станкозаводская,1
Станционной,1
Касьяненко,1
Каськовская,1
Кассовый,1
Старица,1
Каскад,1
Кашино,1
Староватутинский,1
Старокалужское,1
Касаткин,1
Карцева,1
Старомарьинское,1
Старосадский,1
Старостина,1
Староуткинск,1
Старт,1
Карусель,1
Старчикова,1
Старшего,1
Картофельная,1
Стан,1
Кашириных,1
Кима,1
Спивака,1
Километр,1
Киквидзе,1
Киевского,1
Спартак,1
Спасская,1
Спасский,1
Киви,1
Кибальчича,1
Кечкеметская,1
Специальная,1
Спецстрой,1
Спецтехника,1
Спецтранс,1
Кетчерская,1
Каширская,1
Керамики,1
Спортивно,1
Спортивного,1
Спортивных,1
Кедровка,1
Средне,1
Среднеохтинский,1
Среднеуральск,1
Квартет,1
Ставка,1
Ставки,1
Квадрат,1
Каштанова,1
Современное,1
Киселевск,1
Семеновская,1
Сизых,1
Колесов,1
Сетуньский,1
Колесница,1
Колганова,1
Кол,1
Койсуг,1
Сибиряк,1
Сибиряков,1
Сивков,1
Сигнальный,1
Сидоренко,1
Козий,1
Сизов,1
Козельск,1
Сестрорецк,1
Силикатная,1
Силкина,1
Сильченко,1
Кожедуба,1
Кожевнический,1
Коды,1
Симфония,1
Синара,1
Синево,1
Кода,1
Синие,1
Синицына,1
Синьялы,1
Сетевой,1
Коли,1
Ковчег,1
Серге,1
Семенцова,1
Комендантская,1
Семин,1
Семицвет,1
Семченко,1
Командорская,1
Сенгилеевский,1
Кольчугинская,1
Сентябрь,1
Кольчугино,1
Сенько,1
Кольцовский,1
Кольцевая,1
Сергеева,1
Колибри,1
Колхозный,1
Колхозная,1
Колпакова,1
Сергиевская,1
Коломенский,1
Серебряков,1
Колодезный,1
Коло,1
Серебрянная,1
Серебряное,1
Коллектив,1
Колледж,1
Серова,1
Сипягина,1
Сириус,1
Советское,1
Соболева,1
Классика,1
Классик,1
Смоленского,1
Смоленское,1
Смольный,1
Смоляной,1
Смородина,1
Смородиновый,1
Смотровая,1
Смышляевское,1
Снегири,1
Снежный,1
Кладовая,1
Соболь,1
Смоленки,1
Собор,1
Китая,1
Соборный,1
Собрание,1
Китайский,1
Собянина,1
Сова,1
Китайская,1
Советов,1
Кисловский,1
Кисловодская,1
Советских,1
Кислова,1
Кленовая,1
Смирновская,1
Ковалёв,1
Ключей,1
Ситенка,1
Ковалева,1
Ковалев,1
Скатертный,1
Кобозева,1
Скиф,1
Князевская,1
Княжево,1
Складской,1
Книжный,1
Скульптор,1
Скульптора,1
Славского,1
Славянск,1
Климашкина,1
Ключевая,1
Ключ,1
Славянского,1
Славянской,1
Клубный,1
Слободская,1
Слободский,1
Клоны,1
Кличка,1
Смайл,1
Смак,1
Смена,1
Клименко,1
Поверенный,1
